chamada,valor_mi,legado_cat,meu_automatismo,esperado_automatismo,meu_criterio,esperado_criterio,meu_elo,esperado_elo,meu_destino,esperado_destino,meu_macro,origem,status,divergencias,fonte_oficial
PRODAV 01,468.1,_tv_excluir,misto_pont_roteiro,,nao_aplica,,produtora,,TV,,FSA TV,manual,tv_so_web,Legado excluiu TV — verificar por BRDE/Cainan,https://brde.com.br/producao/ (FSA › Produção TV/VOD)
PRODECINE 02,328.4,Pont_Com_Dist,misto_pont_roteiro,misto_pont_roteiro,bilheteria,bilheteria,distribuidora,distribuidora,Cinema,Cinema,FSA Cinema,manual,confere,,https://brde.com.br/producao/ (FSA › Produção Cinema)
PRODAV 06,305.2,_tv_excluir,automatico,,nao_aplica,,produtora,,TV,,FSA TV,manual,tv_so_web,Legado excluiu TV — verificar por BRDE/Cainan,https://brde.com.br/producao/ (FSA › Produção TV/VOD)
ARRANJOS REGIONAIS,303.0,SAV,seletivo_leitura,seletivo_leitura,nao_aplica,nao_aplica,produtora,comissao,Outros,,Arranjos Regionais,manual,override_cainan,decisão Cainan (vence legado): elo:produtora≠comissao,https://www.brde.com.br/fsa/chamadas-de-investimento/chamadas-publicas/
PRODECINE 01,254.8,Pont_Com_Prod,misto_pont_roteiro,misto_pont_roteiro,bilheteria,bilheteria,produtora,produtora,Cinema,Cinema,FSA Cinema,auto,confere,,https://brde.com.br/producao/ (FSA › Produção Cinema)
PRODAV 02 - PROJETO DERIVADO,185.3,_tv_excluir,misto_pont_roteiro,,nao_aplica,,produtora,,TV,,FSA TV,manual,tv_so_web,Legado excluiu TV — verificar por BRDE/Cainan,https://brde.com.br/producao/ (FSA › Produção TV/VOD)
PRODUÇÃO CINEMA,168.0,Pont_Com_Prod,misto_pont_roteiro,misto_pont_roteiro,bilheteria,bilheteria,produtora,produtora,Cinema,Cinema,FSA Cinema,auto,confere,,https://brde.com.br/producao/ (FSA › Produção Cinema)
FLUXO CONTÍNUO PRODUÇÃO PARA TELEVISÃO,153.8,_tv_excluir,automatico,,bilheteria,,produtora,,TV,,FSA TV,auto,tv_so_web,Legado excluiu TV — verificar por BRDE/Cainan,https://www.brde.com.br/fsa/chamadas-de-investimento/chamadas-publicas/
FLUXO CONTÍNUO PRODUÇÃO PARA CINEMA,153.0,Auto_Bilh,automatico,automatico,bilheteria,bilheteria,produtora,produtora,Cinema,Cinema,FSA Cinema,auto,confere,,https://www.brde.com.br/fsa/chamadas-de-investimento/chamadas-publicas/
CINEMA NOVOS REALIZADORES,100.2,Roteiro,seletivo_leitura,seletivo_leitura,nao_aplica,nao_aplica,produtora,produtora,Cinema,Cinema,FSA Cinema,auto,confere,,https://www.brde.com.br/wp-content/uploads/2022/09/Ata-Resultado-Preliminar_Cinema-Novos-Realizadores_02.09.2022-publicacao.pdf
PRODECINE 05,96.9,Pont_Fest_Prod,misto_pont_roteiro,misto_pont_roteiro,festivais,festivais,produtora,produtora,Cinema,Cinema,FSA Cinema,auto,confere,,https://brde.com.br/producao/ (FSA › Produção Cinema)
CONCURSO PRODUÇÃO PARA CINEMA,88.9,Pont_Fest_Prod,misto_pont_roteiro,misto_pont_roteiro,festivais,festivais,produtora,produtora,Cinema,Cinema,FSA Cinema,auto,confere,,https://www.brde.com.br/fsa/chamada-publica-brde-fsa-producao-cinema-2022/
PRODECINE 04,81.1,Complementacao,complementacao,complementacao,nao_aplica,nao_aplica,produtora,produtora,Cinema,Cinema,FSA Cinema,auto,confere,,https://brde.com.br/producao/ (FSA › Produção Cinema)
PRODUÇÃO TV-VOD,74.1,_tv_excluir,seletivo_leitura,,nao_aplica,,produtora,,TV,,FSA TV,auto,tv_so_web,Legado excluiu TV — verificar por BRDE/Cainan,—
PRODAV - TVS PÚBLICAS,67.5,_tv_excluir,seletivo_leitura,,nao_aplica,,programadora_tv,,TV,,FSA TV,auto,tv_so_web,Legado excluiu TV — verificar por BRDE/Cainan,https://brde.com.br/producao/ (FSA › Produção TV/VOD)
SUPORTE AUTOMÁTICO - DESEMPENHO COMERCIAL CINEMA,46.7,Auto_Bilh,automatico,automatico,bilheteria,bilheteria,produtora,produtora,Cinema,Cinema,FSA Cinema,auto,confere,,https://www.brde.com.br/fsa/chamadas-de-investimento/chamadas-publicas/suporte-automatico/
COMPLEMENTAÇÃO,45.2,Complementacao,complementacao,complementacao,nao_aplica,nao_aplica,produtora,produtora,Cinema,Cinema,FSA Cinema,auto,confere,,https://www.brde.com.br/fsa/chamadas-de-investimento/chamadas-publicas/
CINEMA VIA DISTRIBUIDORA,44.9,Pont_Com_Dist,misto_pont_roteiro,misto_pont_roteiro,bilheteria,bilheteria,distribuidora,distribuidora,Cinema,Cinema,FSA Cinema,auto,confere,,https://brde.com.br/producao/ (FSA › Produção Cinema)
PRODUÇÃO CINEMA VIA DISTRIBUIDORA,43.1,Pont_Com_Dist,misto_pont_roteiro,misto_pont_roteiro,bilheteria,bilheteria,distribuidora,distribuidora,Cinema,Cinema,FSA Cinema,auto,confere,,https://brde.com.br/producao/ (FSA › Produção Cinema)
PRODAV 03,42.7,_tv_excluir,seletivo_leitura,,nao_aplica,,produtora,,TV,,FSA TV,auto,tv_so_web,Legado excluiu TV — verificar por BRDE/Cainan,https://brde.com.br/producao/ (FSA › Produção TV/VOD)
PRODAV 07,38.9,_tv_excluir,seletivo_leitura,,nao_aplica,,produtora,,TV,,FSA TV,auto,tv_so_web,Legado excluiu TV — verificar por BRDE/Cainan,https://brde.com.br/producao/ (FSA › Produção TV/VOD)
COPRODUÇÃO INTERNACIONAL CINEMA,34.9,Coprod,seletivo_leitura,seletivo_leitura,nao_aplica,nao_aplica,produtora,produtora,Cinema,Cinema,Coprodução,auto,confere,,https://www.brde.com.br/fsa/chamadas-de-investimento/chamadas-publicas/
SUPORTE AUTOMÁTICO - DESEMPENHO COMERCIAL TV E VOD,34.2,_tv_excluir,automatico,,bilheteria,,produtora,,TV,,FSA TV,auto,tv_so_web,Legado excluiu TV — verificar por BRDE/Cainan,https://www.brde.com.br/fsa/chamadas-de-investimento/chamadas-publicas/suporte-automatico/
PRODUÇÃO TV/VOD – VIA PROGRAMADORA,34.0,_tv_excluir,seletivo_leitura,,nao_aplica,,programadora_tv,,TV,,FSA TV,auto,tv_so_web,Legado excluiu TV — verificar por BRDE/Cainan,—
SAV/MINC 01,30.0,SAV,seletivo_leitura,seletivo_leitura,nao_aplica,nao_aplica,comissao,comissao,Outros,,SAV,auto,confere,,https://www.gov.br/ancine/pt-br (SAV/MinC — editais regionais)
SAV/MINC 11,26.6,SAV,seletivo_leitura,seletivo_leitura,nao_aplica,nao_aplica,comissao,comissao,Outros,,SAV,auto,confere,,https://www.gov.br/ancine/pt-br (SAV/MinC — editais regionais)
PRODAV 11,23.9,_tv_excluir,seletivo_leitura,,nao_aplica,,produtora,,TV,,FSA TV,auto,tv_so_web,Legado excluiu TV — verificar por BRDE/Cainan,https://brde.com.br/producao/ (FSA › Produção TV/VOD)
PRODAV 10,23.9,_tv_excluir,seletivo_leitura,,nao_aplica,,produtora,,TV,,FSA TV,auto,tv_so_web,Legado excluiu TV — verificar por BRDE/Cainan,https://brde.com.br/producao/ (FSA › Produção TV/VOD)
PRODAV 08,23.8,_tv_excluir,seletivo_leitura,,nao_aplica,,produtora,,TV,,FSA TV,auto,tv_so_web,Legado excluiu TV — verificar por BRDE/Cainan,https://brde.com.br/producao/ (FSA › Produção TV/VOD)
PRODAV 09,23.8,_tv_excluir,seletivo_leitura,,nao_aplica,,produtora,,TV,,FSA TV,auto,tv_so_web,Legado excluiu TV — verificar por BRDE/Cainan,https://brde.com.br/producao/ (FSA › Produção TV/VOD)
COMERCIALIZAÇÃO EM CINEMA,23.8,Comercializacao,comercializacao,comercializacao,bilheteria,,produtora,,Cinema,Cinema,FSA Cinema,auto,confere,,https://brde.com.br/fsa/chamada-publica-brde-fsa-cinema-via-distribuidora-2022/
PRODAV 12,23.8,_tv_excluir,seletivo_leitura,,nao_aplica,,produtora,,TV,,FSA TV,auto,tv_so_web,Legado excluiu TV — verificar por BRDE/Cainan,https://brde.com.br/producao/ (FSA › Produção TV/VOD)
PRODECINE 03,21.7,Comercializacao,comercializacao,comercializacao,nao_aplica,,produtora,,Cinema,Cinema,FSA Cinema,auto,confere,,https://brde.com.br/producao/ (FSA › Produção Cinema)
SAV/MINC 03,20.9,SAV,seletivo_leitura,seletivo_leitura,nao_aplica,nao_aplica,comissao,comissao,Outros,,SAV,auto,confere,,https://www.gov.br/ancine/pt-br (SAV/MinC — editais regionais)
PRODAV 05,19.3,_tv_excluir,seletivo_leitura,,nao_aplica,,produtora,,TV,,FSA TV,auto,tv_so_web,Legado excluiu TV — verificar por BRDE/Cainan,https://brde.com.br/producao/ (FSA › Produção TV/VOD)
PRODAV 14,19.0,_tv_excluir,seletivo_leitura,,nao_aplica,,produtora,,TV,,FSA TV,auto,tv_so_web,Legado excluiu TV — verificar por BRDE/Cainan,https://brde.com.br/producao/ (FSA › Produção TV/VOD)
COPRODUÇÃO INTERNACIONAL,18.0,Coprod,seletivo_leitura,seletivo_leitura,nao_aplica,nao_aplica,produtora,produtora,Cinema,Cinema,Coprodução,auto,confere,,https://www.brde.com.br/fsa/chamadas-de-investimento/chamadas-publicas/
DESEMPENHO COMERCIAL,17.9,Auto_Bilh,automatico,automatico,bilheteria,bilheteria,produtora,produtora,Cinema,Cinema,FSA Cinema,auto,confere,,https://www.brde.com.br/chamada-publica-brde-fsa-cinema-desempenho-comercial-2022/
SUPORTE AUTOMÁTICO - DESEMPENHO ARTÍSTICO,17.2,Auto_Fest,automatico,automatico,festivais,festivais,produtora,produtora,Cinema,Cinema,FSA Cinema,auto,confere,,https://www.brde.com.br/fsa/chamadas-de-investimento/chamadas-publicas/suporte-automatico/
PRODUÇÃO TV/VOD - NOVOS REALIZADORES,16.4,_tv_excluir,seletivo_leitura,,nao_aplica,,produtora,,TV,,FSA TV,auto,tv_so_web,Legado excluiu TV — verificar por BRDE/Cainan,https://www.brde.com.br/wp-content/uploads/2022/09/Ata-Resultado-Preliminar_Cinema-Novos-Realizadores_02.09.2022-publicacao.pdf
SAV/MINC 13,16.1,SAV,seletivo_leitura,seletivo_leitura,nao_aplica,nao_aplica,comissao,comissao,Outros,,SAV,auto,confere,,https://www.gov.br/ancine/pt-br (SAV/MinC — editais regionais)
SAV/MINC 04,14.1,SAV,seletivo_leitura,seletivo_leitura,nao_aplica,nao_aplica,comissao,comissao,Outros,,SAV,auto,confere,,https://www.gov.br/ancine/pt-br (SAV/MinC — editais regionais)
PRODAV 13,14.0,_tv_excluir,seletivo_leitura,,nao_aplica,,produtora,,TV,,FSA TV,auto,tv_so_web,Legado excluiu TV — verificar por BRDE/Cainan,https://brde.com.br/producao/ (FSA › Produção TV/VOD)
COMERCIALIZAÇÃO - OPÇÃO DE INVESTIMENTO EM COMERCIALIZAÇÃO,13.0,Comercializacao,comercializacao,comercializacao,bilheteria,,produtora,,Cinema,Cinema,FSA Cinema,auto,confere,,https://brde.com.br/fsa/chamada-publica-brde-fsa-cinema-via-distribuidora-2022/
SAV/MINC 02,12.6,SAV,seletivo_leitura,seletivo_leitura,nao_aplica,nao_aplica,comissao,comissao,Outros,,SAV,auto,confere,,https://www.gov.br/ancine/pt-br (SAV/MinC — editais regionais)
SAV/MINC 08,10.0,SAV,seletivo_leitura,seletivo_leitura,nao_aplica,nao_aplica,comissao,comissao,Outros,,SAV,auto,confere,,https://www.gov.br/ancine/pt-br (SAV/MinC — editais regionais)
PRODECINE 06,7.5,Coprod,seletivo_leitura,seletivo_leitura,nao_aplica,nao_aplica,produtora,produtora,Cinema,Cinema,Coprodução,auto,confere,,https://brde.com.br/producao/ (FSA › Produção Cinema)
SAV/MINC 10,5.6,SAV,seletivo_leitura,seletivo_leitura,nao_aplica,nao_aplica,comissao,comissao,Outros,,SAV,auto,confere,,https://www.gov.br/ancine/pt-br (SAV/MinC — editais regionais)
SAV/MINC 09,4.4,SAV,seletivo_leitura,seletivo_leitura,nao_aplica,nao_aplica,comissao,comissao,Outros,,SAV,auto,confere,,https://www.gov.br/ancine/pt-br (SAV/MinC — editais regionais)
PRODECINE 07,3.7,Coprod,seletivo_leitura,seletivo_leitura,nao_aplica,nao_aplica,produtora,produtora,Cinema,Cinema,Coprodução,auto,confere,,https://brde.com.br/producao/ (FSA › Produção Cinema)
SAV/MINC 05,3.5,SAV,seletivo_leitura,seletivo_leitura,nao_aplica,nao_aplica,comissao,comissao,Outros,,SAV,auto,confere,,https://www.gov.br/ancine/pt-br (SAV/MinC — editais regionais)
SAV/MINC 07,2.8,SAV,seletivo_leitura,seletivo_leitura,nao_aplica,nao_aplica,comissao,comissao,Outros,,SAV,auto,confere,,https://www.gov.br/ancine/pt-br (SAV/MinC — editais regionais)
SAV/MINC 06,2.2,SAV,seletivo_leitura,seletivo_leitura,nao_aplica,nao_aplica,comissao,comissao,Outros,,SAV,auto,confere,,https://www.gov.br/ancine/pt-br (SAV/MinC — editais regionais)
PRODECINE 08,1.9,Coprod,seletivo_leitura,seletivo_leitura,nao_aplica,nao_aplica,produtora,produtora,Cinema,Cinema,Coprodução,auto,confere,,https://brde.com.br/producao/ (FSA › Produção Cinema)
PRODECINE 09,1.3,Coprod,seletivo_leitura,seletivo_leitura,nao_aplica,nao_aplica,produtora,produtora,Cinema,Cinema,Coprodução,auto,confere,,https://brde.com.br/producao/ (FSA › Produção Cinema)
CONCURSO PRODUÇÃO PARA CINEMA - COPRODUÇÃO PORTUGAL-BRASIL,1.2,Coprod,seletivo_leitura,seletivo_leitura,nao_aplica,nao_aplica,produtora,produtora,Cinema,Cinema,Coprodução,auto,confere,,https://www.brde.com.br/fsa/chamada-publica-brde-fsa-producao-cinema-2022/
PRODECINE 10,0.7,Coprod,seletivo_leitura,seletivo_leitura,nao_aplica,nao_aplica,produtora,produtora,Cinema,Cinema,Coprodução,auto,confere,,https://brde.com.br/producao/ (FSA › Produção Cinema)
CONCURSO PRODUÇÃO PARA CINEMA - COPRODUÇÃO CHILE-BRASIL,0.6,Coprod,seletivo_leitura,seletivo_leitura,nao_aplica,nao_aplica,produtora,produtora,Cinema,Cinema,Coprodução,auto,confere,,https://www.brde.com.br/fsa/chamada-publica-brde-fsa-producao-cinema-2022/
PRODECINE 12,0.6,Coprod,seletivo_leitura,seletivo_leitura,nao_aplica,nao_aplica,produtora,produtora,Cinema,Cinema,Coprodução,auto,confere,,https://brde.com.br/producao/ (FSA › Produção Cinema)
CONCURSO PRODUÇÃO PARA CINEMA - COPRODUÇÃO URUGUAI-BRASIL,0.2,Coprod,seletivo_leitura,seletivo_leitura,nao_aplica,nao_aplica,produtora,produtora,Cinema,Cinema,Coprodução,auto,confere,,https://www.brde.com.br/fsa/chamada-publica-brde-fsa-producao-cinema-2022/
