CPB;titulo;ano;cat;instrumento;critica_indice_1_5;critica_n_fontes;cita_n_papers;cita_soma_cit;IMDB_VOTES;qid;L;L_nonpten;pv2024;sitelinks
B1600324600000;BILL, O TOURO;2015;Arranjos Regionais;FSA puro;4.3;1;0.0;;;;0;0;0;0
B1800159100000;DIVERSIDADE;2015;Arranjos Regionais;Misto FSA+Renúncia;0.0;0;0.0;;;;0;0;0;0
B1600107600000;EM NOME DA LEI;2015;Arranjos Regionais;Misto FSA+Renúncia;4.3;1;;;241.0;Q25336861;2;1;3411;2
B1600064700000;ESPAÇO ALÉM - MARINA ABRAMOVIC E O BRASIL;2015;Arranjos Regionais;Misto FSA+Renúncia;3.4;1;;;;;0;0;0;0
B1600416100000;MÃE SÓ HÁ UMA;2015;Arranjos Regionais;Misto FSA+Renúncia;3.5;1;0.0;;1649.0;Q22905675;8;6;7597;8
B1600227000000;O CASEIRO;2015;Arranjos Regionais;Misto FSA+Renúncia;3.4;1;;;300.0;Q25441099;1;0;2480;1
B1600756100000;A CIDADE DO FUTURO;2016;Arranjos Regionais;Misto FSA+Renúncia;4.062;2;1.0;0.0;166.0;Q135038207;0;0;0;0
B1600630700000;A FINADA MÃE DA MADAME;2016;Arranjos Regionais;Misto FSA+Renúncia;3.5;1;;;19.0;;0;0;0;0
B1700012000000;A PROFESSORA DE MÚSICA;2016;Arranjos Regionais;FSA puro;4.05;2;1.0;0.0;;;0;0;0;0
B1600713500000;AS AVENTURAS DE MINUANO KID;2016;Arranjos Regionais;FSA puro;4.3;1;1.0;0.0;;;0;0;0;0
B1700013000000;CAFÉ COM CANELA;2016;Arranjos Regionais;FSA puro;3.7;1;36.0;14.0;368.0;Q61672556;0;0;0;0
B1700422600000;CHOCANTE;2016;Arranjos Regionais;Misto FSA+Renúncia;0.0;0;;;243.0;Q48879505;2;1;3631;2
B1600651600000;CURUMIM, O HOMEM QUE QUERIA VOAR;2016;Arranjos Regionais;Misto FSA+Renúncia;3.9;1;;;;;0;0;0;0
B1700401900000;EU MORO AQUI;2016;Arranjos Regionais;FSA puro;4.03;2;;;;;0;0;0;0
B1600714000000;O ÚLTIMO TRAGO;2016;Arranjos Regionais;FSA puro;4.6;1;;;11.0;;0;0;0;0
B1600473500000;QUATRO MILAGRES DE UM SANTO LADRÃO;2016;Arranjos Regionais;FSA puro;4.1;1;0.0;;;;0;0;0;0
B1600547800000;RIFLE;2016;Arranjos Regionais;FSA puro;0.0;0;14.0;7.0;97.0;;0;0;0;0
B1700605000000;A MOÇA DO CALENDÁRIO;2017;Arranjos Regionais;FSA puro;0.0;0;;;63.0;;0;0;0;0
B1800115300000;A VIDA EXTRA-ORDINÁRIA DE TARSO DE CASTRO;2017;Arranjos Regionais;FSA puro;3.2;1;;;36.0;;0;0;0;0
B1700542200000;ALCE & ALICE;2017;Arranjos Regionais;FSA puro;0.0;0;0.0;;;;0;0;0;0
B1800408800000;AURORA 1964;2017;Arranjos Regionais;Misto FSA+Renúncia;0.0;0;;;;;0;0;0;0
B1700620000000;BRAZIL, MADE IN PARANÁ;2017;Arranjos Regionais;Misto FSA+Renúncia;0.0;0;0.0;;;;0;0;0;0
B1900426000000;CANAL 60;2017;Arranjos Regionais;FSA puro;0.0;0;0.0;;;;0;0;0;0
B1900452000000;CLANDESTINO;2017;Arranjos Regionais;Misto FSA+Renúncia;0.0;0;0.0;;;;0;0;0;0
B1700342300000;DIÁRIOS DA FLORESTA;2017;Arranjos Regionais;FSA puro;4.0;1;;;;;0;0;0;0
B1800077200000;JEITOSINHA;2017;Arranjos Regionais;Misto FSA+Renúncia;0.0;0;;;22.0;Q42048266;2;1;699;2
B1900203700000;JOÃO E MARIA - UMA AVENTURA NO CERRADO (O FILME);2017;Arranjos Regionais;Misto FSA+Renúncia;4.3;1;;;;;0;0;0;0
B1800443100000;LENINGRADO LINHA 41;2017;Arranjos Regionais;FSA puro;0.0;0;0.0;;;;0;0;0;0
B1700214000000;NO FIM DE TUDO;2017;Arranjos Regionais;FSA puro;4.3;1;;;;;0;0;0;0
B1700104400000;O CLUBE DOS CANIBAIS;2017;Arranjos Regionais;FSA puro;3.445;2;;;1194.0;;0;0;0;0
B1800609700000;O SAMBA QUE MORA AQUI;2017;Arranjos Regionais;Misto FSA+Renúncia;4.03;2;;;;;0;0;0;0
B1700070600000;O SENHOR DAS JORNADAS;2017;Arranjos Regionais;FSA puro;4.133;2;;;;;0;0;0;0
B1700510100000;PAULA PARANORMAL;2017;Arranjos Regionais;FSA puro;0.0;0;1.0;0.0;;;0;0;0;0
B1800236000000;PROFETAS DA CHUVA;2017;Arranjos Regionais;FSA puro;3.468;2;;;;;0;0;0;0
B1800364300000;SABÁ;2017;Arranjos Regionais;FSA puro;0.0;0;2.0;1.0;;;0;0;0;0
B1700424500000;YONLU;2017;Arranjos Regionais;FSA puro;0.0;0;;;262.0;Q27996403;1;0;3347;1
B1800307800000;1798 REVOLTA DOS BÚZIOS;2018;Arranjos Regionais;FSA puro;0.0;0;3.0;39.0;;;0;0;0;0
B1900117400000;A COLMEIA;2018;Arranjos Regionais;FSA puro;0.0;0;;;15.0;;0;0;0;0
B1900412100000;A VOZ DO VERBO ENCANTADO;2018;Arranjos Regionais;FSA puro;2.6;1;0.0;;;;0;0;0;0
B1900034500000;ALASKA;2018;Arranjos Regionais;FSA puro;0.0;0;;;;;0;0;0;0
B1800093300000;ANJOS HUMANOS;2018;Arranjos Regionais;FSA puro;0.0;0;15.0;18.0;;;0;0;0;0
B1800141000000;AZOUGUE NAZARÉ;2018;Arranjos Regionais;FSA puro;0.0;0;;;149.0;;0;0;0;0
B1800494000000;BEIÇO DE ESTRADA;2018;Arranjos Regionais;Misto FSA+Renúncia;3.6;1;1.0;0.0;;;0;0;0;0
B1800394600000;BOTECAM;2018;Arranjos Regionais;FSA puro;0.0;0;0.0;;;;0;0;0;0
B1900032600000;CARTAS PARA...A SÉRIE, ESCRITORAS BAIANAS;2018;Arranjos Regionais;FSA puro;4.055;2;;;;;0;0;0;0
B1900210300000;"CIRCO SOCIAL ""OS KACO""";2018;Arranjos Regionais;FSA puro;0.0;0;;;;;0;0;0;0
B1900433000000;CODINOME BRENO;2018;Arranjos Regionais;FSA puro;0.0;0;;;;;0;0;0;0
B1800569200000;CRISÁLIDA;2018;Arranjos Regionais;Misto FSA+Renúncia;0.0;0;;;;;0;0;0;0
B1800566100000;CRUA;2018;Arranjos Regionais;FSA puro;4.23;2;1.0;0.0;;;0;0;0;0
B1800485700000;ESTANTE DE LIVROS;2018;Arranjos Regionais;FSA puro;0.0;0;;;;;0;0;0;0
B1800449500000;EU, UM OUTRO;2018;Arranjos Regionais;FSA puro;3.983;1;;;;;0;0;0;0
B1800335300000;FRANS KRAJCBERG: MANIFESTO;2018;Arranjos Regionais;Misto FSA+Renúncia;0.0;0;;;;;0;0;0;0
B1800452000000;FRONTEIRAS;2018;Arranjos Regionais;Misto FSA+Renúncia;3.817;1;;;;;0;0;0;0
B1900248400000;HUNT;2018;Arranjos Regionais;FSA puro;0.0;0;0.0;;;;0;0;0;0
B1800255500000;ILHA;2018;Arranjos Regionais;Misto FSA+Renúncia;4.423;2;36.0;14.0;;;0;0;0;0
B1800168300000;INFERNINHO;2018;Arranjos Regionais;FSA puro;0.0;0;;;384.0;Q106947334;1;0;1721;1
B1800190900000;JOVENS DE CORAÇÃO - EPISÓDIO PILOTO;2018;Arranjos Regionais;FSA puro;4.203;2;1.0;0.0;;;0;0;0;0
B1800444000000;JUVENAL E OLIVER;2018;Arranjos Regionais;FSA puro;0.0;0;;;;;0;0;0;0
B1800287700000;LUNA;2018;Arranjos Regionais;Misto FSA+Renúncia;0.0;0;0.0;;1036.0;Q28919276;5;3;18170;5
B1800610400000;MIRANTE;2018;Arranjos Regionais;FSA puro;0.0;0;;;12.0;;0;0;0;0
B1900112800000;NA ASA DO VENTO;2018;Arranjos Regionais;FSA puro;0.0;0;;;;;0;0;0;0
B1800348000000;NA CONTRAMÃO;2018;Arranjos Regionais;FSA puro;0.0;0;;;;;0;0;0;0
B1900027900000;NADIR;2018;Arranjos Regionais;FSA puro;0.0;0;0.0;;;;0;0;0;0
B1800440700000;O BARCO;2018;Arranjos Regionais;FSA puro;0.0;0;;;87.0;;0;0;0;0
B1800311700000;O BEIJO DE ALICE;2018;Arranjos Regionais;FSA puro;4.11;2;;;;;0;0;0;0
B1800445800000;O BEM-AVENTURADO;2018;Arranjos Regionais;FSA puro;0.0;0;;;96.0;;0;0;0;0
B1800378500000;O DESPERTAR DE SOLOMON;2018;Arranjos Regionais;FSA puro;3.6;1;0.0;;;;0;0;0;0
B1800189500000;OFF-GRID - (DES)REGRADOS (EPISÓDIO PILOTO);2018;Arranjos Regionais;FSA puro;0.0;0;0.0;;;;0;0;0;0
B1800235200000;ONDE QUER QUE VOCÊ ESTEJA;2018;Arranjos Regionais;FSA puro;0.0;0;;;;;0;0;0;0
B1800595000000;PEDRINHO E A CHUTEIRA DA SORTE;2018;Arranjos Regionais;FSA puro;0.0;0;;;;;0;0;0;0
B1900427100000;QUANDO AS COISAS SE DESMANCHAM;2018;Arranjos Regionais;FSA puro;3.7;1;;;;;0;0;0;0
B1800216300000;RICK COM MONSTROS NOS DEDOS - EPISÓDIO PILOTO;2018;Arranjos Regionais;FSA puro;3.6;1;1.0;0.0;;;0;0;0;0
B1800466100000;TEMPORADA;2018;Arranjos Regionais;Misto FSA+Renúncia;3.213;2;0.0;;872.0;Q65166492;3;1;4167;3
B1800454800000;XADALU E O JAGUARETÊ;2018;Arranjos Regionais;FSA puro;3.4;1;;;;;0;0;0;0
B1900471700000;A ARTE URBANA;2019;Arranjos Regionais;FSA puro;3.88;1;5.0;2.0;;;0;0;0;0
B1900494600000;A BATALHA DE SHANGRI-LÁ;2019;Arranjos Regionais;Misto FSA+Renúncia;3.965;2;2.0;0.0;;;0;0;0;0
B1900371300000;A CIDADE DO FUTURO TV;2019;Arranjos Regionais;Misto FSA+Renúncia;4.062;2;1.0;0.0;;;0;0;0;0
B1900611200000;A CIDADE DOS ABISMOS;2019;Arranjos Regionais;Misto FSA+Renúncia;3.5;1;;;33.0;;0;0;0;0
B1900585300000;A MARAVILHA DO SÉCULO;2019;Arranjos Regionais;FSA puro;0.0;0;;;;;0;0;0;0
B1900249100000;A NOITE AMARELA;2019;Arranjos Regionais;FSA puro;3.2;1;;;211.0;;0;0;0;0
B1900617900000;A ÉTICA DAS HIENAS;2019;Arranjos Regionais;FSA puro;0.0;0;;;;;0;0;0;0
B1900347600000;AMBIENTE FAMILIAR;2019;Arranjos Regionais;FSA puro;0.0;0;;;16.0;;0;0;0;0
B2000007500000;APERTE START, WOLFGANG;2019;Arranjos Regionais;FSA puro;0.0;0;;;;;0;0;0;0
B1900158800000;AVENTURAS DE AMÍ;2019;Arranjos Regionais;FSA puro;4.5;1;;;;;0;0;0;0
B1900223700000;BAIXO CENTRO;2019;Arranjos Regionais;FSA puro;0.0;0;0.0;;21.0;;0;0;0;0
B1900498800000;BATE CORAÇÃO;2019;Arranjos Regionais;Misto FSA+Renúncia;3.4;1;;;50.0;;0;0;0;0
B1900045700000;BECO;2019;Arranjos Regionais;FSA puro;4.027;2;15.0;18.0;;;0;0;0;0
B1900160800000;BOIS, RAPOSAS E CROCODILOS;2019;Arranjos Regionais;FSA puro;0.0;0;0.0;;;;0;0;0;0
B1900591800000;BORIS E RUFUS- TEMPORADA 03;2019;Arranjos Regionais;Misto FSA+Renúncia;0.0;0;;;;;0;0;0;0
B1900504800000;BRASÍLIA, A HISTÓRIA DA HISTÓRIA;2019;Arranjos Regionais;Misto FSA+Renúncia;4.175;2;;;;;0;0;0;0
B1900561100000;CAPITÃO ASTÚCIA;2019;Arranjos Regionais;Misto FSA+Renúncia;0.0;0;;;;;0;0;0;0
B1900268200000;CASALTOPIA;2019;Arranjos Regionais;FSA puro;0.0;0;0.0;;;;0;0;0;0
B1900583200000;CIDADE PÁSSARO;2019;Arranjos Regionais;Misto FSA+Renúncia;0.0;0;;;;;0;0;0;0
B1900308000000;CURTAS JORNADAS NOITE ADENTRO;2019;Arranjos Regionais;FSA puro;0.0;0;;;16.0;;0;0;0;0
B1900514000000;D'ARQUEOLOGIA - A OCUPAÇÃO DO BRASIL;2019;Arranjos Regionais;FSA puro;4.343;2;;;;;0;0;0;0
B1900379100000;DEPOIS DE SER CINZA;2019;Arranjos Regionais;FSA puro;0.0;0;0.0;;21.0;;0;0;0;0
B1900298300000;DESTINO DAS SOMBRAS;2019;Arranjos Regionais;FSA puro;3.83;2;;;;;0;0;0;0
B2000230900000;DESVIO;2019;Arranjos Regionais;FSA puro;0.0;0;1.0;0.0;21.0;;0;0;0;0
B1900090000000;DISFORIA;2019;Arranjos Regionais;FSA puro;0.0;0;;;44.0;;0;0;0;0
B1900423900000;DOIS TEMPOS;2019;Arranjos Regionais;Misto FSA+Renúncia;3.775;1;;;27.0;;0;0;0;0
B1900288400000;DR. OCRIDE;2019;Arranjos Regionais;FSA puro;0.0;0;1.0;0.0;;;0;0;0;0
B1900247000000;EM REFORMA;2019;Arranjos Regionais;Misto FSA+Renúncia;0.0;0;5.0;0.0;;;0;0;0;0
B1900336600000;FAIXA DE GAZA;2019;Arranjos Regionais;FSA puro;0.0;0;;;;;0;0;0;0
B1900205100000;FOTOGRAFAÇÃO;2019;Arranjos Regionais;Misto FSA+Renúncia;0.0;0;;;45.0;;0;0;0;0
B1900201200000;GÊNERO PLURAL;2019;Arranjos Regionais;FSA puro;0.0;0;;;;;0;0;0;0
B2000100400000;HOSANA NAS ALTURAS;2019;Arranjos Regionais;FSA puro;3.9;1;0.0;;;;0;0;0;0
B1900247500000;MEZANINO;2019;Arranjos Regionais;FSA puro;0.0;0;0.0;;;;0;0;0;0
B1900153500000;NATUREZA DO HOMEM;2019;Arranjos Regionais;FSA puro;4.4;1;0.0;;;;0;0;0;0
B1900197700000;NATUREZA DO HOMEM;2019;Arranjos Regionais;FSA puro;4.4;1;0.0;;;;0;0;0;0
B1900461300000;O HOMEM CORDIAL;2019;Arranjos Regionais;FSA puro;3.707;2;;;191.0;;0;0;0;0
B1900448300000;OLHAR SUBMERSO - NAUFRÁGIOS DE PERNAMBUCO;2019;Arranjos Regionais;FSA puro;4.018;2;0.0;;;;0;0;0;0
B1900179300000;OLHOS DE FOGO;2019;Arranjos Regionais;FSA puro;3.993;2;;;;;0;0;0;0
B1900235200000;ORQUESTRA DO MUNDO - RIO SÃO FRANCISCO;2019;Arranjos Regionais;Misto FSA+Renúncia;4.252;2;;;;;0;0;0;0
B1900421600000;OS BRAVOS NUNCA SE CALAM;2019;Arranjos Regionais;FSA puro;0.0;0;;;;;0;0;0;0
B1900489000000;OS HERDEIROS;2019;Arranjos Regionais;FSA puro;0.0;0;;;;;0;0;0;0
B1900146900000;OS KONSIDERADOS;2019;Arranjos Regionais;FSA puro;0.0;0;;;;;0;0;0;0
B1900350600000;PARQUE OESTE;2019;Arranjos Regionais;FSA puro;0.0;0;2.0;0.0;;;0;0;0;0
B1900570100000;QUEM TEM MEDO DE LUCIENE CARVALHO?;2019;Arranjos Regionais;Misto FSA+Renúncia;3.788;2;;;;;0;0;0;0
B1900507200000;QUERÊNCIA;2019;Arranjos Regionais;Misto FSA+Renúncia;0.0;0;;;81.0;Q75739741;1;1;145;1
B1900336500000;SEU AMOR DE VOLTA (MESMO QUE ELE NÃO QUEIRA);2019;Arranjos Regionais;Misto FSA+Renúncia;4.3;1;5.0;0.0;;;0;0;0;0
B1900197900000;TABUH!;2019;Arranjos Regionais;FSA puro;0.0;0;;;;;0;0;0;0
B1900397800000;UM PEIXE PARA DOIS;2019;Arranjos Regionais;Misto FSA+Renúncia;3.775;1;0.0;;;;0;0;0;0
B1900590100000;VILA MARIOTE;2019;Arranjos Regionais;FSA puro;0.0;0;;;;;0;0;0;0
B2000223500000;80 ANOS;2020;Arranjos Regionais;Misto FSA+Renúncia;0.0;0;0.0;;;;0;0;0;0
B2000294200000;A ESPERA DE LIZ;2020;Arranjos Regionais;FSA puro;4.37;2;1.0;0.0;30.0;Q110800968;1;0;1403;1
B2000523200000;A MESMA PARTE DE UM HOMEM;2020;Arranjos Regionais;FSA puro;4.1;1;2.0;0.0;84.0;Q114151535;1;0;1525;1
B2000096300000;A MORTE HABITA À NOITE;2020;Arranjos Regionais;FSA puro;3.57;2;0.0;;56.0;;0;0;0;0
B2000264700000;A TRADICIONAL FAMÍLIA BRASILEIRA - KATU;2020;Arranjos Regionais;FSA puro;3.9;1;;;;;0;0;0;0
B2000096500000;ACQUA MOVIE;2020;Arranjos Regionais;Misto FSA+Renúncia;0.0;0;;;78.0;Q106542298;1;0;1795;1
B2000255200000;ATRAS DA SOMBRA;2020;Arranjos Regionais;FSA puro;4.2;1;;;36.0;;0;0;0;0
B2000495400000;CAMINHO DE VOLTA;2020;Arranjos Regionais;FSA puro;4.3;1;6.0;9.0;;;0;0;0;0
B2000073200000;CASA IZABEL;2020;Arranjos Regionais;FSA puro;0.0;0;;;65.0;;0;0;0;0
B2000130600000;CAVALO;2020;Arranjos Regionais;Misto FSA+Renúncia;4.4;1;;;23.0;;0;0;0;0
B2000173800000;CELSO ANTÔNIO, BRASILEIRO;2020;Arranjos Regionais;FSA puro;0.0;0;;;;;0;0;0;0
B2000344400000;CIDADE SUBMERSA;2020;Arranjos Regionais;FSA puro;0.0;0;0.0;;;;0;0;0;0
B2000157600000;COLETIVO DE MULTIDÃO;2020;Arranjos Regionais;FSA puro;0.0;0;;;;;0;0;0;0
B2000026900000;CULTURAMA;2020;Arranjos Regionais;FSA puro;0.0;0;0.0;;;;0;0;0;0
B2000059600000;DA MANGA ROSA;2020;Arranjos Regionais;Misto FSA+Renúncia;4.09;2;0.0;;;;0;0;0;0
B2000325100000;DENTRO DA MINHA PELE;2020;Arranjos Regionais;FSA puro;4.4;1;1.0;0.0;17.0;;0;0;0;0
B2000468500000;DORA E GABRIEL;2020;Arranjos Regionais;Misto FSA+Renúncia;3.5;1;;;10.0;;0;0;0;0
B2000436900000;ENTRE NÓS, UM SEGREDO;2020;Arranjos Regionais;FSA puro;3.6;1;0.0;;36.0;;0;0;0;0
B2000499300000;ESPERO QUE ESTA TE ENCONTRE E QUE ESTEJAS BEM;2020;Arranjos Regionais;FSA puro;0.0;0;;;18.0;;0;0;0;0
B2000066500000;FIM DE FESTA;2020;Arranjos Regionais;FSA puro;3.998;2;;;251.0;Q109279166;1;0;1300;1
B2000184000000;FRANCISCO SÓ QUER JOGAR BOLA;2020;Arranjos Regionais;FSA puro;0.0;0;0.0;;;;0;0;0;0
B2000352100000;GYURI;2020;Arranjos Regionais;FSA puro;0.0;0;;;15.0;;0;0;0;0
B2000227100000;MEU QUERIDO SUPERMERCADO;2020;Arranjos Regionais;FSA puro;0.0;0;;;53.0;;0;0;0;0
B2000335200000;MEU TIO JOSÉ;2020;Arranjos Regionais;FSA puro;3.375;2;0.0;;98.0;;0;0;0;0
B2000100500000;NOSSO AMOR DE HOJE;2020;Arranjos Regionais;Misto FSA+Renúncia;4.3;1;0.0;;;;0;0;0;0
B2000524900000;O CINEMA E AS CIDADES;2020;Arranjos Regionais;Misto FSA+Renúncia;3.4;1;0.0;;;;0;0;0;0
B2000240100000;O LODO;2020;Arranjos Regionais;FSA puro;0.0;0;;;38.0;;0;0;0;0
B2000397100000;PALAVRA CRÍTICA;2020;Arranjos Regionais;FSA puro;0.0;0;;;;;0;0;0;0
B2000255600000;POR TRÁS DA LINHA DE ESCUDOS;2020;Arranjos Regionais;FSA puro;3.325;1;;;;;0;0;0;0
B2000239400000;SELVA;2020;Arranjos Regionais;Misto FSA+Renúncia;4.2;1;;;;;0;0;0;0
B2000124100000;SEM RETORNO;2020;Arranjos Regionais;FSA puro;3.8;1;;;;;0;0;0;0
B2000160000000;SOL ALEGRIA;2020;Arranjos Regionais;FSA puro;3.88;1;;;283.0;;0;0;0;0
B2000154700000;SONHADORES;2020;Arranjos Regionais;Misto FSA+Renúncia;0.0;0;;;;;0;0;0;0
B2000114300000;TERMINAL PRAIA GRANDE;2020;Arranjos Regionais;FSA puro;0.0;0;;;;;0;0;0;0
B2000048800000;UMA MULHER, UMA ALDEIA;2020;Arranjos Regionais;FSA puro;4.305;2;4.0;0.0;;;0;0;0;0
B2000112100000;VAI MELHORAR;2020;Arranjos Regionais;FSA puro;0.0;0;;;;;0;0;0;0
B2000477400000;VIA PÚBLICA;2020;Arranjos Regionais;FSA puro;0.0;0;;;;;0;0;0;0
B2000059900000;VILA HAITI;2020;Arranjos Regionais;FSA puro;0.0;0;;;;;0;0;0;0
B2000284300000;ÚLTIMA CIDADE;2020;Arranjos Regionais;FSA puro;0.0;0;;;9.0;;0;0;0;0
B2100075200000;A LUZ NA ESCURIDÃO;2021;Arranjos Regionais;FSA puro;3.7;1;2.0;18.0;;;0;0;0;0
B2100113900000;A NUVEM ROSA;2021;Arranjos Regionais;FSA puro;4.02;2;;;1050.0;Q104902864;6;4;11202;6
B2100328100000;A RAINHA E SEUS REIS DE BARRO;2021;Arranjos Regionais;FSA puro;4.2;1;;;;;0;0;0;0
B2100074300000;AS CORES QUE HABITAMOS;2021;Arranjos Regionais;Misto FSA+Renúncia;4.32;2;;;;;0;0;0;0
B2100446000000;AVE CANUDOS! OS QUE SOBREVIVERAM TE SAÚDAM;2021;Arranjos Regionais;FSA puro;0.0;0;3.0;39.0;;;0;0;0;0
B2100017700000;BOB CUSPE - NÓS NÃO GOSTAMOS DE GENTE;2021;Arranjos Regionais;Misto FSA+Renúncia;3.6;1;6.0;0.0;;;0;0;0;0
B2100278600000;FLOR NO QUINTAL;2021;Arranjos Regionais;FSA puro;4.3;1;;;;;0;0;0;0
B2100132300000;MAR DE ZILA;2021;Arranjos Regionais;FSA puro;4.5;1;2.0;0.0;;;0;0;0;0
B2100033900000;MATA GROSSA;2021;Arranjos Regionais;FSA puro;0.0;0;;;;;0;0;0;0
B2100053500000;PEQUENO TRATADO DE PEQUENAS COISAS;2021;Arranjos Regionais;FSA puro;0.0;0;;;;;0;0;0;0
B2100075400000;TEORIA DO ÍMPETO;2021;Arranjos Regionais;FSA puro;0.0;0;;;;;0;0;0;0
B2100104400000;TODA MENINA BAIANA;2021;Arranjos Regionais;FSA puro;0.0;0;0.0;;;;0;0;0;0
B2100141600000;TOTOTÓS CANOAS DO RIO SERGIPE;2021;Arranjos Regionais;Misto FSA+Renúncia;4.252;2;;;;;0;0;0;0
B2100024000000;TRÊS VIDAS E UM SONHO;2021;Arranjos Regionais;FSA puro;4.118;2;;;;;0;0;0;0
B2200127900000;A PEDRA E A PALAVRA - PADRE ANTÔNIO VIEIRA;2022;Arranjos Regionais;FSA puro;3.858;2;;;;;0;0;0;0
B2200013100000;ANIMAIS NA PISTA;2022;Arranjos Regionais;FSA puro;0.0;0;;;;;0;0;0;0
B2200360000000;BAHIA DA FÉ AO PROFANO;2022;Arranjos Regionais;Misto FSA+Renúncia;0.0;0;;;;;0;0;0;0
B2200451700000;BRICHOS 3 - MEGAVIRUS;2022;Arranjos Regionais;Misto FSA+Renúncia;0.0;0;;;;;0;0;0;0
B2200143600000;CHEF JACK, O COZINHEIRO AVENTUREIRO;2022;Arranjos Regionais;FSA puro;4.0;1;4.0;0.0;171.0;Q116638601;5;3;8360;5
B2200073000000;DEUS TEM AIDS;2022;Arranjos Regionais;FSA puro;0.0;0;0.0;;60.0;;0;0;0;0
B2200449200000;ESPUMAS AO VENTO;2022;Arranjos Regionais;FSA puro;4.1;1;;;;;0;0;0;0
B2200203400000;FIM DE SEMANA NO PARAÍSO SELVAGEM;2022;Arranjos Regionais;FSA puro;3.84;2;;;;Q123754643;1;0;760;1
B2200133200000;MÚLTIPLO VALDI;2022;Arranjos Regionais;FSA puro;0.0;0;;;;;0;0;0;0
B2200497100000;O ANEL DE EVA;2022;Arranjos Regionais;FSA puro;2.4;1;1.0;0.0;5.0;;0;0;0;0
B2200390700000;O QUE OS OLHOS NÃO VEEM...;2022;Arranjos Regionais;FSA puro;3.933;2;;;;;0;0;0;0
B2200212700000;OS PRIMEIROS SOLDADOS;2022;Arranjos Regionais;FSA puro;4.2;1;;;256.0;Q113500367;2;0;5213;2
B2200442900000;PLACA-MÃE;2022;Arranjos Regionais;Misto FSA+Renúncia;3.5;1;;;24.0;;0;0;0;0
B2200259700000;PLAUTO, UM  SOPRO MUSICAL;2022;Arranjos Regionais;FSA puro;0.0;0;;;;;0;0;0;0
B2300006800000;SINDICATO DO FOLCLORE BRASILEIRO;2022;Arranjos Regionais;FSA puro;0.0;0;;;;;0;0;0;0
B2300007600000;TODA NOITE ESTAREI LÁ;2022;Arranjos Regionais;FSA puro;0.0;0;;;;Q128629680;0;0;0;0
B2200210800000;UM SAMURAI EM SÃO PAULO;2022;Arranjos Regionais;Misto FSA+Renúncia;0.0;0;0.0;;;;0;0;0;0
B2200040500000;VALE NIGHT;2022;Arranjos Regionais;Misto FSA+Renúncia;0.0;0;;;95.0;;0;0;0;0
B2200426400000;VIDA DE ORQUESTRA;2022;Arranjos Regionais;Misto FSA+Renúncia;3.2;1;0.0;;;;0;0;0;0
B2200458400000;VIZINHOS;2022;Arranjos Regionais;Misto FSA+Renúncia;3.7;2;;;844.0;Q113988409;2;1;7104;2
B2200324500000;ZOOPEDIA;2022;Arranjos Regionais;FSA puro;0.0;0;1.0;0.0;;;0;0;0;0
B2300552600000;AVENTURAS DE AMÍ - 2º TEMPORADA;2023;Arranjos Regionais;FSA puro;3.213;2;;;;;0;0;0;0
B2300142500000;CAINÃ;2023;Arranjos Regionais;FSA puro;0.0;0;;;;;0;0;0;0
B2300422000000;CARTÓRIO DAS ALMAS;2023;Arranjos Regionais;FSA puro;2.975;2;;;5.0;;0;0;0;0
B2300502400000;CHAMA A BEBEL;2023;Arranjos Regionais;FSA puro;0.0;0;;;26.0;;0;0;0;0
B2300095100000;COLETIVOS;2023;Arranjos Regionais;FSA puro;0.0;0;7.0;2.0;;;0;0;0;0
B2300433200000;DENTRO DE MIM;2023;Arranjos Regionais;FSA puro;4.2;1;;;;;0;0;0;0
B2300565300000;DESTINOS DA FÉ;2023;Arranjos Regionais;Misto FSA+Renúncia;3.8;2;15.0;18.0;;;0;0;0;0
B2300529200000;DIAS DE TEMPESTADE;2023;Arranjos Regionais;FSA puro;4.5;1;;;;;0;0;0;0
B2300557100000;GUIA;2023;Arranjos Regionais;Misto FSA+Renúncia;4.5;1;0.0;;;;0;0;0;0
B2300242000000;INVASÃO MARCIANA;2023;Arranjos Regionais;FSA puro;3.865;2;;;;;0;0;0;0
B2300108000000;IYAS IDANAS - MULHERES DA COZINHA;2023;Arranjos Regionais;FSA puro;0.0;0;;;;;0;0;0;0
B2300136800000;JANGADEIROS DA SÃO PEDRO;2023;Arranjos Regionais;FSA puro;0.0;0;0.0;;;;0;0;0;0
B2300252300000;LUTA DA ERVA;2023;Arranjos Regionais;FSA puro;4.45;2;;;;;0;0;0;0
B2300154100000;MAMULENGO;2023;Arranjos Regionais;FSA puro;0.0;0;;;;;0;0;0;0
B2300377600000;MARRAIA;2023;Arranjos Regionais;FSA puro;0.0;0;0.0;;;;0;0;0;0
B2300550100000;O CANTO;2023;Arranjos Regionais;FSA puro;0.0;0;;;;;0;0;0;0
B2300527700000;O IMPEACHMENT - SETEMBRO, 1957, SEXTA-FEIRA 13;2023;Arranjos Regionais;FSA puro;4.008;2;;;;;0;0;0;0
B2300131300000;O POETA QUE VEIO DO POVO;2023;Arranjos Regionais;FSA puro;0.0;0;0.0;;;;0;0;0;0
B2300567400000;O POLICIAL E A PASTORA;2023;Arranjos Regionais;FSA puro;3.4;1;2.0;2.0;;;0;0;0;0
B2300201900000;O SILÊNCIO DAS OSTRAS;2023;Arranjos Regionais;FSA puro;4.1;1;;;35.0;Q133733371;1;1;0;2
B2300500100000;O SILÊNCIO DE EVA;2023;Arranjos Regionais;FSA puro;4.1;1;0.0;;;;0;0;0;0
B2300546600000;OPARÁ;2023;Arranjos Regionais;Misto FSA+Renúncia;0.0;0;2.0;2.0;;;0;0;0;0
B2300488500000;PALAVRA PRESA;2023;Arranjos Regionais;FSA puro;0.0;0;;;;;0;0;0;0
B2300499000000;PASTRANA;2023;Arranjos Regionais;FSA puro;0.0;0;;;;;0;0;0;0
B2300140800000;PRESENÇA;2023;Arranjos Regionais;Misto FSA+Renúncia;2.64;1;17.0;3.0;;;0;0;0;0
B2300535500000;PROCURA METEORANGO KID: VIVO OU MORTO;2023;Arranjos Regionais;Misto FSA+Renúncia;3.433;2;0.0;;;;0;0;0;0
B2300339000000;SÉRGIO RICARDO: UMA OUTRA HISTÓRIA DO CINEMA NOVO;2023;Arranjos Regionais;FSA puro;3.837;2;;;;;0;0;0;0
B2300141200000;TENHO FÉ;2023;Arranjos Regionais;Misto FSA+Renúncia;0.0;0;;;;;0;0;0;0
B2300035300000;URSA;2023;Arranjos Regionais;FSA puro;0.0;0;;;30.0;;0;0;0;0
B2300363900000;UTOPIA TROPICAL;2023;Arranjos Regionais;Misto FSA+Renúncia;0.0;0;;;23.0;;0;0;0;0
B2300011000000;ZÉ;2023;Arranjos Regionais;Misto FSA+Renúncia;3.732;2;;;;;0;0;0;0
B1600656800000;FIM DO MUNDO;2016;Add-on FSA (Compl./Comerc.);Misto FSA+Renúncia;3.195;2;;;;;0;0;0;0
B2100018500000;DETETIVES DO PRÉDIO AZUL 3 - UMA AVENTURA NO FIM DO MUNDO;2020;Add-on FSA (Compl./Comerc.);Misto FSA+Renúncia;4.3;1;;;157.0;Q83809958;2;1;7500;2
B2000230700000;NAS ONDAS DA FÉ;2020;Add-on FSA (Compl./Comerc.);Misto FSA+Renúncia;3.786;1;7.0;0.0;;;0;0;0;0
B2300374700000;DE REPENTE, MISS!;2023;Add-on FSA (Compl./Comerc.);FSA puro;4.095;2;;;84.0;;0;0;0;0
B2300247400000;MARINHEIRO DAS MONTANHAS;2023;Add-on FSA (Compl./Comerc.);Misto FSA+Renúncia;0.0;0;;;697.0;Q107555820;2;2;2345;2
B2300402000000;UMA FADA VEIO ME VISITAR;2023;Automático Bilheteria;Misto FSA+Renúncia;0.0;0;;;265.0;;0;0;0;0
B2300120800000;VAI TER TROCO;2023;Add-on FSA (Compl./Comerc.);FSA puro;3.32;1;;;71.0;Q119809423;1;0;4471;1
B1700411300000;MÚSICA PARA QUANDO AS LUZES SE APAGAM;2015;Arranjos Regionais;FSA puro;3.7;1;;;35.0;;0;0;0;0
B1600779300000;NÓIS POR NÓIS;2016;Add-on FSA (Compl./Comerc.);FSA puro;0.0;0;0.0;;;;0;0;0;0
B1800090200000;AÇUCAR;2017;Add-on FSA (Compl./Comerc.);Misto FSA+Renúncia;0.0;0;;;119.0;;0;0;0;0
B1900189100000;MISSÃO CUPIDO;2017;Arranjos Regionais;Misto FSA+Renúncia;0.0;0;;;;;0;0;0;0
B1800245900000;O JUÍZO;2017;Add-on FSA (Compl./Comerc.);Misto FSA+Renúncia;0.0;0;1.0;1.0;146.0;;0;0;0;0
B1800445500000;LOS SILENCIOS;2018;Add-on FSA (Compl./Comerc.);Misto FSA+Renúncia;0.0;0;0.0;;568.0;Q66823577;4;2;3742;4
B1800517200000;MEU NOME É DANIEL;2018;Add-on FSA (Compl./Comerc.);Misto FSA+Renúncia;3.857;2;0.0;;23.0;;0;0;0;0
B2000414400000;OLHA PRA ELAS;2020;Add-on FSA (Compl./Comerc.);Misto FSA+Renúncia;0.0;0;;;;;0;0;0;0
B2300077800000;ANTES QUE ME ESQUEÇAM MEU NOME É EDY STAR - O FILME;2023;Add-on FSA (Compl./Comerc.);FSA puro;3.3;1;;;;;0;0;0;0
B2300123500000;MADAME DUROCHER;2023;Arranjos Regionais;Misto FSA+Renúncia;2.9;1;0.0;;66.0;;0;0;0;0
B2300338800000;PÉROLA;2023;Add-on FSA (Compl./Comerc.);Misto FSA+Renúncia;4.305;2;;;123.0;Q123144487;1;0;18751;1
B2300261100000;RODEIO ROCK;2023;Add-on FSA (Compl./Comerc.);Misto FSA+Renúncia;0.0;0;;;353.0;Q117274052;2;0;17710;2
B2300551000000;SAUDOSA MALOCA;2023;Add-on FSA (Compl./Comerc.);FSA puro;4.165;2;;;354.0;Q131935679;1;0;0;1
B2100364800000;A MÃE;2021;Festivais · Pontuação;Misto FSA+Renúncia;4.115;2;1.0;0.0;73.0;Q111383054;1;0;1179;1
B2200124400000;ABESTALHADOS 2;2022;Festivais · Pontuação;Misto FSA+Renúncia;0.0;0;;;51.0;Q112073132;1;0;1200;1
B2200386600000;NA RÉDEA CURTA;2022;Festivais · Pontuação;FSA puro;0.0;0;36.0;14.0;21.0;Q116257958;1;0;949;1
B2200380100000;O PORÃO DA RUA DO GRITO;2022;Festivais · Pontuação;Misto FSA+Renúncia;3.88;1;;;;;0;0;0;0
B2300001100000;REGRA 34;2022;Festivais · Pontuação;FSA puro;2.47;2;;;581.0;Q113509882;4;2;56514;4
B2200243000000;SINFONIA DE UM HOMEM COMUM;2022;Festivais · Pontuação;Misto FSA+Renúncia;4.1;1;;;48.0;;0;0;0;0
B2400339600000;A VILÃ DAS NOVE;2023;Festivais · Pontuação;Misto FSA+Renúncia;3.965;2;;;144.0;;0;0;0;0
B2300201800000;JANGO NO EXÍLIO;2023;Festivais · Pontuação;FSA puro;4.3;1;;;;;0;0;0;0
B2300065800000;O CIRCO VOLTOU;2023;Festivais · Pontuação;FSA puro;1.7;1;0.0;;;;0;0;0;0
B2300121300000;O PASTOR E O GUERRILHEIRO;2023;Festivais · Pontuação;FSA puro;3.902;2;;;177.0;;0;0;0;0
B2300303300000;TPM! MEU AMOR;2023;Festivais · Pontuação;Misto FSA+Renúncia;4.3;1;4.0;3.0;50.0;Q120695224;1;0;2852;1
B2200457400000;NOVO MUNDO, PINTURA DE RUA NA AMÉRICA LATINA;2022;Coprodução Intl;FSA puro;4.1;1;;;;;0;0;0;0
B2300240900000;AMOR REBELDE;2023;Coprodução Intl;Misto FSA+Renúncia;4.3;1;;;9.0;;0;0;0;0
B2300491600000;LA OTRA FORMA;2023;Coprodução Intl;FSA puro;0.0;0;;;188.0;Q117574681;2;1;9414;2
B2300527400000;PUAN;2023;Coprodução Intl;FSA puro;0.0;0;;;1933.0;Q120493923;4;3;100041;4
B2000497700000;ABE;2020;Automático Bilheteria;Misto FSA+Renúncia;0.0;0;;;2662.0;Q85347417;7;5;32077;7
B2000154900000;ALICE JÚNIOR;2020;Automático Bilheteria;FSA puro;3.39;2;;;702.0;Q96099772;4;2;5390;4
B2000070300000;DOIS MAIS DOIS;2020;Automático Bilheteria;Misto FSA+Renúncia;3.775;1;;;94.0;Q108088079;1;0;3300;1
B2000259000000;ZONA ÁRIDA;2020;Automático Bilheteria;FSA puro;0.0;0;;;;;0;0;0;0
B2100065700000;A ÚLTIMA FLORESTA;2021;Automático Bilheteria;FSA puro;3.538;1;;;744.0;Q107507005;3;2;3491;3
B2100306300000;ALDEIA NATAL;2021;Automático Bilheteria;FSA puro;0.0;0;0.0;;;;0;0;0;0
B2100113200000;L.O.C.A.;2021;Automático Bilheteria;Misto FSA+Renúncia;4.3;1;0.0;;42.0;Q108124284;1;0;0;1
B2100010700000;LOOP;2021;Automático Bilheteria;Misto FSA+Renúncia;3.356;1;3.0;1.0;363.0;Q107299910;1;0;3017;1
B2100259000000;MEDIDA PROVISÓRIA;2021;Automático Bilheteria;Misto FSA+Renúncia;4.039;2;;;2680.0;Q105999387;5;3;27544;5
B2100347700000;O JARDIM SECRETO DE MARIANA;2021;Automático Bilheteria;Misto FSA+Renúncia;4.273;2;;;28.0;Q108447783;1;0;1948;1
B2200063900000;1999 - A CONQUISTA DA AMÉRICA;2022;Automático Bilheteria;FSA puro;3.993;2;;;;;0;0;0;0
B2300468500000;A FILHA DO PALHAÇO;2022;Automático Bilheteria;FSA puro;3.97;2;;;149.0;;0;0;0;0
B2200343300000;A ÚLTIMA FESTA;2022;Automático Bilheteria;Misto FSA+Renúncia;4.7;1;;;40.0;;0;0;0;0
B2200299300000;CORDIALMENTE TEUS;2022;Automático Bilheteria;FSA puro;0.0;0;0.0;;28.0;Q114282407;1;0;412;1
B2200412200000;FAUSTO FAWCETT NA CABEÇA;2022;Automático Bilheteria;FSA puro;3.92;1;;;7.0;;0;0;0;0
B2300288600000;FORAM OS SUSSURROS QUE ME MATARAM;2022;Automático Bilheteria;FSA puro;0.0;0;5.0;3.0;13.0;;0;0;0;0
B2200089800000;O TRAIDOR;2022;Automático Bilheteria;Misto FSA+Renúncia;3.529;1;;;;;0;0;0;0
B2300008500000;VAI CORINTHIANS!;2022;Automático Bilheteria;Misto FSA+Renúncia;0.0;0;2.0;0.0;41.0;;0;0;0;0
B2300549200000;A ENTREGA;2023;Automático Bilheteria;FSA puro;3.923;2;0.0;;;;0;0;0;0
B2300212900000;MEU NOME É GAL;2023;Automático Bilheteria;Misto FSA+Renúncia;3.0;1;1.0;0.0;763.0;Q116778948;1;0;4980;1
B2300283600000;O VAZIO DE DOMINGO À TARDE;2023;Automático Bilheteria;Misto FSA+Renúncia;4.078;2;;;19.0;;0;0;0;0
B2300493100000;SOB A VERDE NEBULOSA;2023;Automático Bilheteria;FSA puro;2.4;1;;;;;0;0;0;0
B2000034100000;NO GOGÓ DO PAULINHO;2020;Automático Bilheteria;Misto FSA+Renúncia;3.673;2;;;335.0;Q106546955;1;0;9451;1
B2000502900000;QUEM VAI FICAR COM MÁRIO;2020;Automático Bilheteria;Misto FSA+Renúncia;3.835;2;;;682.0;Q107344698;1;0;6455;1
B2100036700000;O ESPAÇO INFINITO;2021;Automático Bilheteria;FSA puro;3.845;2;;;19.0;;0;0;0;0
B2200065000000;AMADO;2022;Automático Bilheteria;Misto FSA+Renúncia;3.63;2;2.0;0.0;148.0;;0;0;0;0
B2200349500000;TRÊS TIGRES TRISTES;2022;Automático Bilheteria;FSA puro;3.75;1;;;223.0;Q110828342;7;5;7031;7
B2300330000000;ENTRELINHAS;2023;Automático Bilheteria;FSA puro;0.0;0;0.0;;38.0;;0;0;0;0
B2300349700000;NOSSO SONHO;2023;Automático Bilheteria;Misto FSA+Renúncia;4.259;2;;;1250.0;Q112966933;2;0;12705;2
B2300536800000;SALA ESCURA;2023;Automático Bilheteria;Misto FSA+Renúncia;0.0;0;;;128.0;;0;0;0;0
B1402521900000;AS AVENTURAS DO AVIÃO VERMELHO;2014;Bilheteria · Produtora;Misto FSA+Renúncia;4.003;2;4.0;34.0;164.0;;0;0;0;0
B1500344400000;DEPOIS DE TUDO;2014;Bilheteria · Produtora;Misto FSA+Renúncia;3.51;2;;;82.0;;0;0;0;0
B1402255700000;GALAXIAS;2014;Bilheteria · Produtora;FSA puro;3.793;2;5.0;23.0;;;0;0;0;0
B1402378700000;INFÂNCIA;2014;Bilheteria · Produtora;Misto FSA+Renúncia;4.03;2;0.0;;99.0;;0;0;0;0
B1500543200000;LINDA DE MORRER;2014;Bilheteria · Produtora;Misto FSA+Renúncia;3.2;1;0.0;;407.0;Q22000197;2;1;8117;2
B1402855900000;MARESIA;2014;Bilheteria · Produtora;Misto FSA+Renúncia;0.0;0;;;63.0;;0;0;0;0
B1402201200000;MUITOS HOMENS NUM SÓ;2014;Bilheteria · Produtora;Misto FSA+Renúncia;0.0;0;;;185.0;;0;0;0;0
B1402652900000;NISE - O CORAÇÃO DA LOUCURA;2014;Bilheteria · Produtora;Misto FSA+Renúncia;4.3;1;;;2743.0;;0;0;0;0
B1402175100000;O MENINO NO ESPELHO;2014;Bilheteria · Produtora;Misto FSA+Renúncia;3.5;1;;;280.0;;0;0;0;0
B1500177200000;PARA MINHA AMADA MORTA;2014;Bilheteria · Produtora;FSA puro;3.133;1;0.0;;423.0;;0;0;0;0
B1500585400000;QUASE MEMÓRIA;2014;Bilheteria · Produtora;Misto FSA+Renúncia;0.0;0;;;81.0;;0;0;0;0
B1402237400000;SANGUE AZUL;2014;Bilheteria · Produtora;Misto FSA+Renúncia;4.0;1;;;360.0;;0;0;0;0
B1402332500000;TRINTA;2014;Bilheteria · Produtora;Misto FSA+Renúncia;0.0;0;;;234.0;;0;0;0;0
B1402145600000;À QUEIMA ROUPA;2014;Bilheteria · Produtora;Misto FSA+Renúncia;4.16;2;;;20.0;;0;0;0;0
B1600109600000;A FRENTE FRIA QUE A CHUVA TRAZ;2015;Bilheteria · Produtora;Misto FSA+Renúncia;2.2;1;;;312.0;;0;0;0;0
B1600585400000;A GLÓRIA E A GRAÇA;2015;Bilheteria · Produtora;Misto FSA+Renúncia;4.2;1;;;152.0;;0;0;0;0
B1600032100000;AMOR EM SAMPA;2015;Bilheteria · Produtora;Misto FSA+Renúncia;4.3;1;1.0;0.0;117.0;;0;0;0;0
B1600041000000;BUGIGANGUE NO ESPAÇO;2015;Bilheteria · Produtora;Misto FSA+Renúncia;4.3;1;0.0;;198.0;;0;0;0;0
B1500344800000;CAMPO GRANDE;2015;Bilheteria · Produtora;Misto FSA+Renúncia;0.0;0;;;237.0;;0;0;0;0
B1500812200000;DOIDAS E SANTAS;2015;Bilheteria · Produtora;Misto FSA+Renúncia;0.0;0;;;75.0;;0;0;0;0
B1600264400000;PONTO ZERO;2015;Bilheteria · Produtora;Misto FSA+Renúncia;0.0;0;;;182.0;;0;0;0;0
B1500399400000;PROVA DE CORAGEM;2015;Bilheteria · Produtora;Misto FSA+Renúncia;4.015;2;;;98.0;;0;0;0;0
B1500309900000;QUALQUER GATO VIRA-LATA 2;2015;Bilheteria · Produtora;Misto FSA+Renúncia;3.605;2;;;353.0;;0;0;0;0
B1500408100000;UM FILME DE CINEMA;2015;Bilheteria · Produtora;FSA puro;2.675;2;;;88.0;;0;0;0;0
B1500870400000;VAI QUE DÁ CERTO 2;2015;Bilheteria · Produtora;Misto FSA+Renúncia;3.5;1;;;360.0;;0;0;0;0
B1500672000000;ÓRFÃOS DO ELDORADO;2015;Bilheteria · Produtora;Misto FSA+Renúncia;0.0;0;;;95.0;;0;0;0;0
B1600287300000;DESERTO;2016;Bilheteria · Produtora;Misto FSA+Renúncia;3.705;2;;;62.0;;0;0;0;0
B1600690600000;ERA O HOTEL CAMBRIDGE;2016;Bilheteria · Produtora;Misto FSA+Renúncia;3.8;1;2.0;0.0;604.0;;0;0;0;0
B1700349800000;JOÃO, O MAESTRO;2016;Bilheteria · Produtora;Misto FSA+Renúncia;3.734;2;;;355.0;;0;0;0;0
B1700077100000;LA VINGANÇA;2016;Bilheteria · Produtora;Misto FSA+Renúncia;2.7;1;;;361.0;;0;0;0;0
B1600243000000;REDEMOINHO;2016;Bilheteria · Produtora;Misto FSA+Renúncia;0.0;0;;;266.0;;0;0;0;0
B1800514700000;SOBRE RODAS;2016;Bilheteria · Produtora;Misto FSA+Renúncia;3.532;2;;;;;0;0;0;0
B1700051600000;VAZANTE;2016;Bilheteria · Produtora;Misto FSA+Renúncia;2.8;1;1.0;0.0;717.0;;0;0;0;0
B1700248900000;A SUPERFÍCIE DA SOMBRA;2017;Bilheteria · Produtora;Misto FSA+Renúncia;2.6;1;;;20.0;;0;0;0;0
B1800089800000;AMORES DE CHUMBO;2017;Bilheteria · Produtora;Misto FSA+Renúncia;3.312;1;;;50.0;;0;0;0;0
B1700602000000;ANTÁRTICA POR UM ANO;2017;Bilheteria · Produtora;FSA puro;3.748;2;;;9.0;;0;0;0;0
B1700450500000;AS BOAS MANEIRAS;2017;Bilheteria · Produtora;Misto FSA+Renúncia;3.1;1;;;4638.0;Q43303160;7;5;39659;7
B1700189700000;EM UM MUNDO INTERIOR;2017;Bilheteria · Produtora;Misto FSA+Renúncia;3.538;2;;;;;0;0;0;0
B1700151900000;O FILME DA MINHA VIDA;2017;Bilheteria · Produtora;Misto FSA+Renúncia;3.2;1;;;2227.0;Q27996402;5;3;11772;5
B1700497900000;ORGANISMO;2017;Bilheteria · Produtora;FSA puro;0.0;0;;;18.0;;0;0;0;0
B1700088100000;PELA JANELA;2017;Bilheteria · Produtora;Misto FSA+Renúncia;0.0;0;7.0;0.0;174.0;;0;0;0;0
B1800469700000;A CABEÇA DE GUMERCINDO SARAIVA;2018;Bilheteria · Produtora;Misto FSA+Renúncia;3.471;1;;;72.0;;0;0;0;0
B1800516900000;A CIDADE DOS PIRATAS;2018;Bilheteria · Produtora;Misto FSA+Renúncia;3.5;1;;;134.0;;0;0;0;0
B1800458500000;A PRINCESA DE ELYMIA;2018;Bilheteria · Produtora;FSA puro;3.343;2;;;36.0;;0;0;0;0
B1800459400000;AMAZÔNIA GROOVE;2018;Bilheteria · Produtora;Misto FSA+Renúncia;0.0;0;0.0;;70.0;Q65163229;2;0;1107;2
B1800375900000;CANO SERRADO;2018;Bilheteria · Produtora;Misto FSA+Renúncia;0.0;0;2.0;0.0;82.0;;0;0;0;0
B1800411600000;DESLEMBRO;2018;Bilheteria · Produtora;Misto FSA+Renúncia;0.0;0;;;419.0;Q106562397;2;0;1635;2
B1800466200000;GUERRA DE ALGODÃO;2018;Bilheteria · Produtora;FSA puro;4.03;2;1.0;0.0;;;0;0;0;0
B1800491800000;LEGALIDADE;2018;Bilheteria · Produtora;Misto FSA+Renúncia;0.0;0;;;179.0;Q119206874;1;0;1703;1
B2000003600000;ONDE DORMEM OS SONHOS;2018;Bilheteria · Produtora;FSA puro;3.32;1;0.0;;;;0;0;0;0
B1800567100000;TAIS & TAIANE;2018;Bilheteria · Produtora;Misto FSA+Renúncia;0.0;0;1.0;0.0;;;0;0;0;0
B1800212800000;TALVEZ UMA HISTÓRIA DE AMOR;2018;Bilheteria · Produtora;Misto FSA+Renúncia;4.3;1;;;491.0;Q30927915;3;1;5804;3
B1900029000000;TITO E OS PÁSSAROS;2018;Bilheteria · Produtora;Misto FSA+Renúncia;4.1;1;0.0;;788.0;Q56307396;5;3;6949;5
B1800504700000;TORRE DAS DONZELAS;2018;Bilheteria · Produtora;Misto FSA+Renúncia;0.0;0;;;123.0;Q96099768;4;2;3724;4
B1900448200000;AOS OLHOS DE ERNESTO;2019;Bilheteria · Produtora;Misto FSA+Renúncia;3.61;2;3.0;2.0;208.0;;0;0;0;0
B1900571100000;INCOMPATÍVEL;2019;Bilheteria · Produtora;Misto FSA+Renúncia;0.0;0;;;;;0;0;0;0
B1900157600000;KARDEC;2019;Bilheteria · Produtora;Misto FSA+Renúncia;3.8;1;;;1960.0;Q65166905;4;2;13822;4
B1900548300000;LIMA BARRETO, AO TERCEIRO DIA;2019;Bilheteria · Produtora;Misto FSA+Renúncia;0.0;0;;;36.0;;0;0;0;0
B1900618000000;MACABRO;2019;Bilheteria · Produtora;Misto FSA+Renúncia;3.541;2;;;638.0;Q109374474;2;1;13652;2
B1900063700000;MUSSUM, UM FILME DO CACILDIS;2019;Bilheteria · Produtora;Misto FSA+Renúncia;3.4;1;;;452.0;Q120493273;1;0;1393;1
B1900098100000;O PERGAMINHO VERMELHO;2019;Bilheteria · Produtora;FSA puro;3.442;2;;;;;0;0;0;0
B1900347800000;PIEDADE;2019;Bilheteria · Produtora;Misto FSA+Renúncia;0.0;0;0.0;;382.0;Q106547258;1;0;792;1
B1900284200000;PORFÍRIO DO AMARAL - A VERDADE SOBRE O SAMBA;2019;Bilheteria · Produtora;FSA puro;4.2;1;0.0;;;;0;0;0;0
B1900572600000;PUREZA;2019;Bilheteria · Produtora;Misto FSA+Renúncia;4.208;2;;;;;0;0;0;0
B1900331600000;SE ARREPENDIMENTO MATASSE;2019;Bilheteria · Produtora;FSA puro;0.0;0;;;;;0;0;0;0
B2000152800000;CAFÉ, PEPI E LIMÃO;2020;Bilheteria · Produtora;FSA puro;0.0;0;0.0;;;;0;0;0;0
B2000096200000;EDUARDO E MÔNICA;2020;Bilheteria · Produtora;Misto FSA+Renúncia;3.827;2;;;;;0;0;0;0
B2000185600000;NIÈDE;2020;Bilheteria · Produtora;FSA puro;0.0;0;;;11.0;;0;0;0;0
B2000364100000;O CEMITÉRIO DAS ALMAS PERDIDAS;2020;Bilheteria · Produtora;FSA puro;2.975;2;;;252.0;;0;0;0;0
B2000525500000;O CLUBE DOS ANJOS;2020;Bilheteria · Produtora;Misto FSA+Renúncia;2.8;1;3.0;0.0;163.0;Q119960968;1;0;3643;1
B2000320300000;O SENTIDO DA VIDA;2020;Bilheteria · Produtora;Misto FSA+Renúncia;3.2;1;;;8.0;;0;0;0;0
B2000106900000;OS ESCRAVOS DE JÓ;2020;Bilheteria · Produtora;FSA puro;3.438;1;0.0;;12.0;;0;0;0;0
B2000477300000;RIR PRA NÃO CHORAR;2020;Bilheteria · Produtora;FSA puro;0.0;0;0.0;;;;0;0;0;0
B2000040200000;SOLTEIRA QUASE SURTANDO;2020;Bilheteria · Produtora;Misto FSA+Renúncia;0.0;0;;;53.0;;0;0;0;0
B2000436400000;TODOS OS MORTOS;2020;Bilheteria · Produtora;Misto FSA+Renúncia;4.1;1;12.0;0.0;620.0;Q84083939;5;3;4562;5
B2100349700000;A QUEDA;2021;Bilheteria · Produtora;FSA puro;3.895;2;2.0;0.0;49.0;;0;0;0;0
B2100103100000;DIÁRIO DE VIAGEM;2021;Bilheteria · Produtora;Misto FSA+Renúncia;4.412;2;;;18.0;;0;0;0;0
B2100271600000;DUETTO;2021;Bilheteria · Produtora;Misto FSA+Renúncia;0.0;0;;;100.0;Q108750034;2;1;3460;2
B2100218200000;MADALENA;2021;Bilheteria · Produtora;FSA puro;3.4;1;;;416.0;Q110644281;4;2;4494;4
B2100282200000;PLUFT, O FANTASMINHA;2021;Bilheteria · Produtora;Misto FSA+Renúncia;3.938;2;;;;;0;0;0;0
B2100326700000;SWINGUEIRA;2021;Bilheteria · Produtora;FSA puro;0.0;0;1.0;0.0;;;0;0;0;0
B2200405700000;A ILHA DOS ILÚS;2022;Bilheteria · Produtora;Misto FSA+Renúncia;3.95;2;;;26.0;;0;0;0;0
B2200291400000;A LASANHA ASSASSINA - A REVOLTA DAS MASSAS;2022;Bilheteria · Produtora;Misto FSA+Renúncia;3.755;2;0.0;;14.0;;0;0;0;0
B2200223200000;ASSALTO NA PAULISTA;2022;Bilheteria · Produtora;Misto FSA+Renúncia;3.59;2;;;;;0;0;0;0
B2200409600000;ESTADOS UNIDOS DO BRASIL;2022;Bilheteria · Produtora;FSA puro;4.343;2;;;;;0;0;0;0
B2200307700000;O ALECRIM E O SONHO;2022;Bilheteria · Produtora;FSA puro;3.4;1;;;10.0;;0;0;0;0
B2200080600000;O PAI DA RITA;2022;Bilheteria · Produtora;Misto FSA+Renúncia;3.878;2;;;34.0;Q117286855;1;0;1343;1
B2200266500000;PORTO PRÍNCIPE;2022;Bilheteria · Produtora;FSA puro;0.0;0;;;22.0;;0;0;0;0
B2300257900000;A ESTAÇÃO;2023;Bilheteria · Produtora;Misto FSA+Renúncia;0.0;0;;;;;0;0;0;0
B2300451700000;A MULHER SEM CHÃO;2023;Bilheteria · Produtora;FSA puro;4.3;1;0.0;;;;0;0;0;0
B2300486200000;CEDO DEMAIS;2023;Bilheteria · Produtora;Misto FSA+Renúncia;0.0;0;;;31.0;;0;0;0;0
B2300282000000;DE LONGE TODA SERRA É AZUL;2023;Bilheteria · Produtora;FSA puro;3.683;2;1.0;0.0;;;0;0;0;0
B2300201100000;DERRAPADA;2023;Bilheteria · Produtora;Misto FSA+Renúncia;0.0;0;;;55.0;;0;0;0;0
B2300060700000;MAIS PESADO É O CÉU;2023;Bilheteria · Produtora;FSA puro;3.4;1;;;90.0;Q120577823;2;0;5380;2
B2300099200000;MORCEGO NEGRO;2023;Bilheteria · Produtora;Misto FSA+Renúncia;0.0;0;11.0;0.0;13.0;;0;0;0;0
B2300200700000;MUNDO PROIBIDO;2023;Bilheteria · Produtora;Misto FSA+Renúncia;0.0;0;0.0;;8.0;;0;0;0;0
B2300442100000;OTHELO, O GRANDE;2023;Bilheteria · Produtora;Misto FSA+Renúncia;4.4;1;;;40.0;;0;0;0;0
B2300258300000;QUARTA-FEIRA DE CINZAS;2023;Bilheteria · Produtora;FSA puro;2.835;2;0.0;;;;0;0;0;0
B2300382200000;RETRATO DE UM CERTO ORIENTE;2023;Bilheteria · Produtora;Misto FSA+Renúncia;3.8;1;;;138.0;Q124883109;0;0;0;0
B2300105700000;TESOURO NATTERER;2023;Bilheteria · Produtora;FSA puro;0.0;0;;;;;0;0;0;0
B1402125800000;A ESTRADA 47;2014;Bilheteria · Distribuidora;Misto FSA+Renúncia;3.727;2;;;1025.0;Q17053260;5;3;13056;5
B1402131600000;CASA GRANDE;2014;Bilheteria · Distribuidora;Misto FSA+Renúncia;3.5;1;4.0;0.0;3411.0;Q22000044;5;4;12320;5
B1402406800000;IRMÃ DULCE;2014;Bilheteria · Distribuidora;Misto FSA+Renúncia;4.2;1;;;314.0;Q18275998;1;0;5096;1
B1402704900000;LOUCAS PRA CASAR;2014;Bilheteria · Distribuidora;Misto FSA+Renúncia;3.7;1;;;1197.0;Q19427621;1;0;5638;1
B1402689400000;O VENDEDOR DE PASSADOS;2014;Bilheteria · Distribuidora;Misto FSA+Renúncia;3.1;1;;;469.0;;0;0;0;0
B1500554400000;A ESPERANÇA É A ÚLTIMA QUE MORRE;2015;Bilheteria · Distribuidora;Misto FSA+Renúncia;3.527;2;10.0;1.0;144.0;Q30927222;1;0;2159;1
B1500591500000;A FLORESTA QUE SE MOVE;2015;Bilheteria · Distribuidora;Misto FSA+Renúncia;3.538;1;;;273.0;;0;0;0;0
B1500572900000;AS AVENTURAS DO PEQUENO COLOMBO;2015;Bilheteria · Distribuidora;Misto FSA+Renúncia;3.04;2;;;59.0;;0;0;0;0
B1500843400000;ASPIRANTES;2015;Bilheteria · Distribuidora;Misto FSA+Renúncia;0.0;0;;;117.0;;0;0;0;0
B1500873900000;ATRAVÉS DA SOMBRA;2015;Bilheteria · Distribuidora;Misto FSA+Renúncia;2.6;1;;;326.0;Q30938452;2;1;4187;2
B1500711400000;BEATRIZ;2015;Bilheteria · Distribuidora;Misto FSA+Renúncia;2.998;2;0.0;;;;0;0;0;0
B1600100300000;O ESCARAVELHO DO DIABO;2015;Bilheteria · Distribuidora;Misto FSA+Renúncia;3.858;2;0.0;;460.0;Q27996392;2;1;6244;2
B1500585100000;QUE HORAS ELA VOLTA?;2015;Bilheteria · Distribuidora;Misto FSA+Renúncia;4.4;1;0.0;;19176.0;Q18703886;14;12;94573;15
B1500899800000;REZA A LENDA;2015;Bilheteria · Distribuidora;Misto FSA+Renúncia;3.793;2;;;623.0;Q18472801;2;1;4611;2
B1600036800000;ZOOM;2015;Bilheteria · Distribuidora;Misto FSA+Renúncia;0.0;0;;;;;0;0;0;0
B1700162000000;ALTAS EXPECTATIVAS;2016;Bilheteria · Distribuidora;Misto FSA+Renúncia;0.0;0;0.0;;132.0;;0;0;0;0
B1700386500000;COMO SE TORNAR O PIOR ALUNO DA ESCOLA;2016;Bilheteria · Distribuidora;Misto FSA+Renúncia;3.0;1;1.0;0.0;2230.0;Q16950635;3;1;2189;3
B1600680100000;ELIS;2016;Bilheteria · Distribuidora;Misto FSA+Renúncia;3.8;1;;;2256.0;Q27915259;1;0;13554;1
B1600567900000;O SHAOLIN DO SERTÃO;2016;Bilheteria · Distribuidora;Misto FSA+Renúncia;4.0;1;;;829.0;Q23899102;2;0;14520;2
B1700011500000;PEIXONAUTA: O FILME;2016;Bilheteria · Distribuidora;Misto FSA+Renúncia;3.5;1;0.0;;108.0;Q124414986;1;0;2860;1
B1700177700000;UM TIO QUASE PERFEITO;2016;Bilheteria · Distribuidora;Misto FSA+Renúncia;3.0;1;;;391.0;Q65167763;1;0;2333;1
B1800206400000;UMA NOITE NÃO É NADA;2016;Bilheteria · Distribuidora;Misto FSA+Renúncia;0.0;0;24.0;9.0;;;0;0;0;0
B1600564100000;VERMELHO RUSSO;2016;Bilheteria · Distribuidora;Misto FSA+Renúncia;0.0;0;12.0;41.0;181.0;Q48877109;2;1;784;2
B1700353800000;BERENICE PROCURA;2017;Bilheteria · Distribuidora;FSA puro;2.7;1;4.0;0.0;173.0;Q65174651;1;0;2765;1
B1700119200000;COMO NOSSOS PAIS;2017;Bilheteria · Distribuidora;Misto FSA+Renúncia;3.7;1;;;2426.0;Q28753457;6;4;9864;6
B1700395900000;DUAS DE MIM;2017;Bilheteria · Distribuidora;Misto FSA+Renúncia;4.2;1;;;152.0;Q61002555;2;1;2747;2
B1700109600000;GOSTOSAS, LINDAS E SEXIES;2017;Bilheteria · Distribuidora;Misto FSA+Renúncia;2.3;1;0.0;;140.0;Q30935487;2;1;14774;2
B1700571300000;HAPPY HOUR;2017;Bilheteria · Distribuidora;Misto FSA+Renúncia;0.0;0;3.0;0.0;91.0;Q106719363;3;2;120;3
B1700600100000;MINHA FAMA DE MAU;2017;Bilheteria · Distribuidora;Misto FSA+Renúncia;0.0;0;;;625.0;;0;0;0;0
B1700168200000;NINGUÉM ENTRA, NINGUÉM SAI;2017;Bilheteria · Distribuidora;Misto FSA+Renúncia;3.43;2;;;223.0;Q48877381;2;1;3086;2
B1700260300000;O BANQUETE;2017;Bilheteria · Distribuidora;FSA puro;0.0;0;1.0;0.0;274.0;Q56351247;2;1;6083;2
B1700052200000;O CRIME DA GÁVEA;2017;Bilheteria · Distribuidora;Misto FSA+Renúncia;0.0;0;0.0;;75.0;Q28920512;2;1;2235;2
B1700513700000;O NOME DA MORTE;2017;Bilheteria · Distribuidora;Misto FSA+Renúncia;3.57;2;;;787.0;Q83271907;2;2;240;2
B1800202100000;PARAÍSO PERDIDO;2017;Bilheteria · Distribuidora;Misto FSA+Renúncia;3.84;2;;;;;0;0;0;0
B1700480900000;ZAMA;2017;Bilheteria · Distribuidora;Misto FSA+Renúncia;0.0;0;;;7697.0;;0;0;0;0
B1800089700000;A MULHER DO MEU MARIDO;2018;Bilheteria · Distribuidora;Misto FSA+Renúncia;2.3;1;;;143.0;;0;0;0;0
B1900019800000;ALBATROZ;2018;Bilheteria · Distribuidora;Misto FSA+Renúncia;0.0;0;8.0;0.0;155.0;;0;0;0;0
B1800130000000;ALGUÉM COMO EU;2018;Bilheteria · Distribuidora;Misto FSA+Renúncia;4.3;1;;;258.0;;0;0;0;0
B1800166700000;ALÉM DO HOMEM;2018;Bilheteria · Distribuidora;Misto FSA+Renúncia;4.6;1;;;75.0;;0;0;0;0
B1800106900000;BENZINHO;2018;Bilheteria · Distribuidora;Misto FSA+Renúncia;0.0;0;;;1777.0;Q47136407;5;3;10180;6
B1900048500000;CINDERELA POP;2018;Bilheteria · Distribuidora;Misto FSA+Renúncia;4.3;1;5.0;0.0;1580.0;;0;0;0;0
B1800607100000;CINE MARROCOS;2018;Bilheteria · Distribuidora;Misto FSA+Renúncia;0.0;0;;;44.0;;0;0;0;0
B1800216200000;CORRENDO ATRÁS;2018;Bilheteria · Distribuidora;Misto FSA+Renúncia;0.0;0;;;81.0;;0;0;0;0
B1900005600000;CRAVOS;2018;Bilheteria · Distribuidora;FSA puro;0.0;0;;;7.0;;0;0;0;0
B1800422000000;DE VOLTA AO MARACANÃ;2018;Bilheteria · Distribuidora;FSA puro;4.3;1;;;;;0;0;0;0
B1800502000000;DOMINGO;2018;Bilheteria · Distribuidora;Misto FSA+Renúncia;4.078;2;4.0;1.0;120.0;;0;0;0;0
B1800279000000;JOVENS POLACAS;2018;Bilheteria · Distribuidora;FSA puro;0.0;0;0.0;;53.0;;0;0;0;0
B1800603500000;MEU AMIGO FELA;2018;Bilheteria · Distribuidora;Misto FSA+Renúncia;4.3;1;;;;;0;0;0;0
B1800269200000;MULHERES ALTERADAS;2018;Bilheteria · Distribuidora;Misto FSA+Renúncia;2.5;1;;;188.0;;0;0;0;0
B1800307900000;O CANDIDATO HONESTO 2;2018;Bilheteria · Distribuidora;Misto FSA+Renúncia;3.1;1;;;561.0;;0;0;0;0
B1800000800000;O GRANDE CIRCO MISTICO;2018;Bilheteria · Distribuidora;Misto FSA+Renúncia;1.7;1;2.0;1.0;687.0;;0;0;0;0
B1800115600000;O HOMEM PERFEITO;2018;Bilheteria · Distribuidora;Misto FSA+Renúncia;3.707;2;;;227.0;;0;0;0;0
B1800307200000;SUEÑO FLORIANÓPOLIS;2018;Bilheteria · Distribuidora;FSA puro;0.0;0;;;612.0;;0;0;0;0
B1800410600000;TUDO ACABA EM FESTA;2018;Bilheteria · Distribuidora;Misto FSA+Renúncia;2.998;2;0.0;;79.0;;0;0;0;0
B1800580500000;UMA PITADA DE SORTE;2018;Bilheteria · Distribuidora;Misto FSA+Renúncia;4.072;2;;;;;0;0;0;0
B1900240000000;ANNA;2019;Bilheteria · Distribuidora;Misto FSA+Renúncia;4.1;1;;;42.0;;0;0;0;0
B1900232600000;BACURAU;2019;Bilheteria · Distribuidora;Misto FSA+Renúncia;3.9;1;;;34523.0;Q63246555;17;15;169668;18
B2000006000000;DE PERTO ELA NÃO É NORMAL;2019;Bilheteria · Distribuidora;Misto FSA+Renúncia;4.4;1;;;73.0;;0;0;0;0
B1900463100000;FLUXOS;2019;Bilheteria · Distribuidora;Misto FSA+Renúncia;0.0;0;;;;;0;0;0;0
B1900075800000;MARIA DO CARITÓ;2019;Bilheteria · Distribuidora;Misto FSA+Renúncia;0.0;0;;;101.0;;0;0;0;0
B2000006700000;MARIGHELLA;2019;Bilheteria · Distribuidora;Misto FSA+Renúncia;3.464;2;;;56844.0;;0;0;0;0
B1900341900000;MÚSICA PARA MORRER DE AMOR;2019;Bilheteria · Distribuidora;Misto FSA+Renúncia;4.3;1;;;174.0;;0;0;0;0
B1900572800000;NOITES DE ALFACE;2019;Bilheteria · Distribuidora;FSA puro;4.213;2;;;35.0;;0;0;0;0
B1900042200000;O CORPO É NOSSO!;2019;Bilheteria · Distribuidora;Misto FSA+Renúncia;3.543;1;;;9.0;;0;0;0;0
B1900589200000;OS SALAFRÁRIOS;2019;Bilheteria · Distribuidora;Misto FSA+Renúncia;0.0;0;;;;;0;0;0;0
B1900508000000;PIXINGUINHA, UM HOMEM CARINHOSO;2019;Bilheteria · Distribuidora;Misto FSA+Renúncia;3.936;2;8.0;0.0;138.0;;0;0;0;0
B1900417800000;SEGUNDO TEMPO;2019;Bilheteria · Distribuidora;Misto FSA+Renúncia;3.648;2;;;21.0;;0;0;0;0
B1900439300000;TERAPIA DO MEDO;2019;Bilheteria · Distribuidora;Misto FSA+Renúncia;3.788;2;;;236.0;;0;0;0;0
B1900235500000;TURMA DA MÔNICA - LAÇOS;2019;Bilheteria · Distribuidora;Misto FSA+Renúncia;3.9;1;20.0;4.0;2717.0;Q43303114;3;1;40640;3
B1900486900000;UM DIA QUALQUER;2019;Bilheteria · Distribuidora;Misto FSA+Renúncia;4.123;2;;;36.0;;0;0;0;0
B1900454200000;VENEZA;2019;Bilheteria · Distribuidora;Misto FSA+Renúncia;3.825;2;;;178.0;Q107187791;1;0;5626;1
B1900380000000;VOU NADAR ATÉ VOCÊ;2019;Bilheteria · Distribuidora;Misto FSA+Renúncia;0.0;0;;;238.0;;0;0;0;0
B2000440700000;DENTE POR DENTE;2020;Bilheteria · Distribuidora;Misto FSA+Renúncia;0.0;0;;;104.0;Q106321036;1;0;2396;1
B2000240300000;JESUS KID;2020;Bilheteria · Distribuidora;FSA puro;0.0;0;0.0;;138.0;;0;0;0;0
B2000047900000;JÚPITER;2020;Bilheteria · Distribuidora;FSA puro;3.1;1;;;69.0;;0;0;0;0
B2000042800000;LAMENTO;2020;Bilheteria · Distribuidora;FSA puro;3.6;1;0.0;;46.0;;0;0;0;0
B2000360900000;MIÚDA E O GUARDA-CHUVA;2020;Bilheteria · Distribuidora;FSA puro;4.315;2;0.0;;46.0;;0;0;0;0
B2000127500000;NADA É POR ACASO;2020;Bilheteria · Distribuidora;Misto FSA+Renúncia;3.17;2;;;166.0;;0;0;0;0
B2000163800000;OS ESPETACULARES;2020;Bilheteria · Distribuidora;Misto FSA+Renúncia;0.0;0;0.0;;137.0;;0;0;0;0
B2000004600000;SOLDADOS DA BORRACHA - OS HERÓIS ESQUECIDOS;2020;Bilheteria · Distribuidora;Misto FSA+Renúncia;3.627;2;;;;;0;0;0;0
B2000340700000;SUJEITO OCULTO;2020;Bilheteria · Distribuidora;FSA puro;0.0;0;;;10.0;;0;0;0;0
B2000065800000;TARSILINHA;2020;Bilheteria · Distribuidora;Misto FSA+Renúncia;3.463;1;0.0;;149.0;Q110626419;2;0;4620;2
B2100115300000;AOS NOSSOS FILHOS;2021;Bilheteria · Distribuidora;Misto FSA+Renúncia;3.683;1;;;124.0;Q111207065;2;2;1517;2
B2100433800000;CARRO REI;2021;Bilheteria · Distribuidora;Misto FSA+Renúncia;0.0;0;;;297.0;;0;0;0;0
B2100408300000;DESERTO PARTICULAR;2021;Bilheteria · Distribuidora;Misto FSA+Renúncia;3.937;2;0.0;;2153.0;Q108372078;5;3;14563;5
B2100260000000;DIÁRIOS DE INTERCÂMBIO;2021;Bilheteria · Distribuidora;Misto FSA+Renúncia;3.948;2;5.0;0.0;;;0;0;0;0
B2100027200000;JAIR RODRIGUES - DEIXA QUE DIGAM;2021;Bilheteria · Distribuidora;Misto FSA+Renúncia;0.0;0;;;20.0;;0;0;0;0
B2100070100000;O SILÊNCIO DA CHUVA;2021;Bilheteria · Distribuidora;Misto FSA+Renúncia;4.1;1;;;257.0;;0;0;0;0
B2100017600000;O TREM DA UTOPIA;2021;Bilheteria · Distribuidora;Misto FSA+Renúncia;4.245;2;;;;;0;0;0;0
B2100507100000;OS DRAGÕES;2021;Bilheteria · Distribuidora;FSA puro;0.0;0;;;;;0;0;0;0
B2200102500000;AS ÓRFÃS DA RAINHA;2022;Bilheteria · Distribuidora;FSA puro;0.0;0;0.0;;26.0;;0;0;0;0
B2200375000000;CHICO PARA SEMPRE;2022;Bilheteria · Distribuidora;FSA puro;4.4;1;;;68.0;;0;0;0;0
B2200202000000;DE REPENTE DRAG;2022;Bilheteria · Distribuidora;FSA puro;4.095;2;;;27.0;;0;0;0;0
B2200050700000;MEU AMIGÃOZÃO - O FILME;2022;Bilheteria · Distribuidora;Misto FSA+Renúncia;3.7;1;0.0;;66.0;Q119951213;2;1;1606;2
B2200356700000;SOCIEDADE DO MEDO;2022;Bilheteria · Distribuidora;Misto FSA+Renúncia;3.788;2;0.0;;;;0;0;0;0
B2200065900000;SOL;2022;Bilheteria · Distribuidora;Misto FSA+Renúncia;4.24;2;;;231.0;Q86678552;1;1;3243;1
B2200347700000;TEMPOS DE BARBÁRIE - ATO I: TERAPIA DA VINGANÇA;2022;Bilheteria · Distribuidora;Misto FSA+Renúncia;2.7;1;;;41.0;Q120577826;1;0;1581;1
B2300247700000;AGRESTE;2023;Bilheteria · Distribuidora;Misto FSA+Renúncia;0.0;0;;;36.0;;0;0;0;0
B2300468900000;ATÉ QUE A MÚSICA PARE;2023;Bilheteria · Distribuidora;FSA puro;4.05;2;8.0;0.0;25.0;;0;0;0;0
B2300408500000;LILITH;2023;Bilheteria · Distribuidora;Misto FSA+Renúncia;0.0;0;7.0;5.0;20.0;;0;0;0;0
B2300375400000;PRINCESA ADORMECIDA;2023;Bilheteria · Distribuidora;Misto FSA+Renúncia;3.888;2;0.0;;218.0;Q124351048;1;0;10903;1
B1800001000000;EX-PAJÉ;2017;Add-on FSA (Compl./Comerc.);FSA puro;0.0;0;;;320.0;Q51882972;2;1;807;2
B1700339700000;HISTORIETAS ASSOMBRADAS - O FILME;2017;Add-on FSA (Compl./Comerc.);Misto FSA+Renúncia;3.3;1;;;223.0;;0;0;0;0
B1700184000000;NOVA AMSTERDAM;2017;Add-on FSA (Compl./Comerc.);FSA puro;3.636;2;0.0;;;;0;0;0;0
B1700584300000;O BEIJO NO ASFALTO;2017;Add-on FSA (Compl./Comerc.);FSA puro;2.8;1;;;346.0;Q61056356;1;0;4911;1
B1800132900000;TINTA BRUTA;2018;Add-on FSA (Compl./Comerc.);FSA puro;2.6;1;;;1283.0;Q48671749;9;7;7720;9
B1500113300000;LOVE FILM FESTIVAL;2014;Add-on FSA (Compl./Comerc.);FSA puro;3.3;1;7.0;5.0;100.0;Q110418005;1;0;955;1
B1402192700000;OS AMIGOS;2014;Add-on FSA (Compl./Comerc.);Misto FSA+Renúncia;0.0;0;;;115.0;Q118494238;1;0;1634;1
B1402146300000;PRAIA DO FUTURO;2014;Bilheteria · Distribuidora;Misto FSA+Renúncia;3.1;1;;;3642.0;Q16938850;14;12;31006;14
B1600245600000;ANTES O TEMPO NÃO ACABAVA;2015;Add-on FSA (Compl./Comerc.);FSA puro;3.648;2;1.0;0.0;118.0;Q22813590;3;2;1268;3
B1500464600000;BRUXARIAS;2015;Add-on FSA (Compl./Comerc.);FSA puro;0.0;0;;;;;0;0;0;0
B1500818400000;EM TRÊS ATOS;2015;Add-on FSA (Compl./Comerc.);FSA puro;4.412;2;;;52.0;;0;0;0;0
B1500651700000;MATE-ME POR FAVOR;2015;Bilheteria · Distribuidora;Misto FSA+Renúncia;2.8;1;15.0;0.0;826.0;Q27045137;5;3;7052;5
B1600033400000;MEU AMIGO HINDU;2015;Add-on FSA (Compl./Comerc.);Misto FSA+Renúncia;4.3;1;;;638.0;Q23899112;7;5;15993;7
B1500701300000;OPERAÇÕES ESPECIAIS (EX BOLETIM DE OCORRÊNCIA B.O);2015;Add-on FSA (Compl./Comerc.);Misto FSA+Renúncia;3.9;1;;;;;0;0;0;0
B1500868700000;ORAÇÃO DO AMOR SELVAGEM;2015;Add-on FSA (Compl./Comerc.);Misto FSA+Renúncia;4.3;1;0.0;;57.0;;0;0;0;0
B1500778300000;S.O.S. MULHERES AO MAR 2;2015;Add-on FSA (Compl./Comerc.);Misto FSA+Renúncia;4.0;1;0.0;;416.0;Q27117295;3;1;5660;3
B1600043800000;TÔ RYCA!;2015;Arranjos Regionais;Misto FSA+Renúncia;3.85;2;;;906.0;Q27703354;2;1;9827;2
B1600439400000;A TERRA VERMELHA;2016;Add-on FSA (Compl./Comerc.);Misto FSA+Renúncia;3.975;2;;;;;0;0;0;0
B1700402100000;BLITZ;2016;Add-on FSA (Compl./Comerc.);FSA puro;3.933;2;;;7.0;;0;0;0;0
B1700578900000;CAMPUS SANTO;2016;Add-on FSA (Compl./Comerc.);Misto FSA+Renúncia;0.0;0;;;;;0;0;0;0
B1700028400000;LAS INESES;2016;Add-on FSA (Compl./Comerc.);FSA puro;0.0;0;;;64.0;;0;0;0;0
B1600564300000;LUA EM SAGITÁRIO;2016;Add-on FSA (Compl./Comerc.);FSA puro;0.0;0;;;70.0;Q60999955;1;0;1065;1
B1700479800000;MEU MUNDIAL;2016;Add-on FSA (Compl./Comerc.);FSA puro;0.0;0;;;;;0;0;0;0
B1700477300000;DONA FLOR E SEUS DOIS MARIDOS;2017;Add-on FSA (Compl./Comerc.);Misto FSA+Renúncia;4.035;2;;;256.0;Q56354779;2;1;8510;2
B1800029600000;O OLHO E A FACA;2017;Bilheteria · Distribuidora;Misto FSA+Renúncia;0.0;0;;;95.0;Q106547035;1;0;1791;1
B1700405200000;PRAÇA PARIS;2017;Add-on FSA (Compl./Comerc.);Misto FSA+Renúncia;0.0;0;;;341.0;Q60999516;3;2;2753;3
B1800131200000;A TROPA DE TRAPO - NA SELVA DO ARCO-ÍRIS;2018;Add-on FSA (Compl./Comerc.);Misto FSA+Renúncia;3.783;1;;;;;0;0;0;0
B1800262800000;A VOZ DO SILÊNCIO;2018;Add-on FSA (Compl./Comerc.);Misto FSA+Renúncia;4.1;1;0.0;;103.0;;0;0;0;0
B1800556100000;CHORAR DE RIR;2018;Add-on FSA (Compl./Comerc.);Misto FSA+Renúncia;0.0;0;1.0;24.0;97.0;;0;0;0;0
B1800445100000;DIAMANTINO;2018;Add-on FSA (Compl./Comerc.);FSA puro;0.0;0;;;3320.0;Q55272444;11;9;15873;11
B1800300700000;MISSÃO 115;2018;Add-on FSA (Compl./Comerc.);Misto FSA+Renúncia;0.0;0;;;17.0;;0;0;0;0
B1900019900000;O GALÃ;2018;Add-on FSA (Compl./Comerc.);Misto FSA+Renúncia;0.0;0;;;35.0;Q106547017;1;0;793;1
B1800346100000;O SEGREDO DE DAVI;2018;Bilheteria · Distribuidora;FSA puro;3.993;2;1.0;0.0;713.0;Q107378722;1;0;6740;1
B1800612900000;O ÚLTIMO JOGO;2018;Add-on FSA (Compl./Comerc.);FSA puro;4.6;1;;;;;0;0;0;0
B1800187200000;RAIVA;2018;Add-on FSA (Compl./Comerc.);FSA puro;0.0;0;;;333.0;;0;0;0;0
B1800285700000;TUDO POR UM POP STAR;2018;Bilheteria · Produtora;Misto FSA+Renúncia;3.45;2;5.0;0.0;414.0;Q51882749;2;1;20259;2
B1900588900000;MADAME;2019;Add-on FSA (Compl./Comerc.);Misto FSA+Renúncia;2.2;1;0.0;;5.0;;0;0;0;0
B1900245500000;ÁGUAS SELVAGENS;2019;Add-on FSA (Compl./Comerc.);FSA puro;3.7;1;;;;;0;0;0;0
B2000102800000;CORRENDO POR UM SONHO;2020;Add-on FSA (Compl./Comerc.);Misto FSA+Renúncia;3.775;1;;;109.0;Q107145723;1;0;7000;1
B2000277900000;MINHA FAMILIA PERFEITA;2020;Add-on FSA (Compl./Comerc.);Misto FSA+Renúncia;3.656;1;7.0;0.0;27.0;;0;0;0;0
B2100282100000;A PRIMEIRA MORTE DE JOANA;2021;Add-on FSA (Compl./Comerc.);Misto FSA+Renúncia;3.57;2;8.0;0.0;164.0;Q107940283;2;2;529;2
B2100408100000;O LIVRO DOS PRAZERES;2021;Bilheteria · Distribuidora;FSA puro;0.0;0;;;342.0;Q107585691;1;0;2785;1
B2100536000000;TROMBA TREM - O FILME;2021;Bilheteria · Produtora;FSA puro;3.3;1;;;106.0;Q110634248;1;0;2491;1
B2300440200000;NAHUEL E O LIVRO MAGICO;2023;Coprodução Intl;FSA puro;3.817;2;;;;;0;0;0;0
B2300135700000;VIDAS DESCARTÁVEIS;2023;Add-on FSA (Compl./Comerc.);Misto FSA+Renúncia;0.0;0;0.0;;;;0;0;0;0
B1700249500000;COMBOIO DE SAL E AÇÚCAR;2016;Festivais · Pontuação;FSA puro;3.683;2;;;205.0;Q41366550;6;4;6121;6
B1700596400000;DIAS VAZIOS;2016;Festivais · Pontuação;FSA puro;0.0;0;;;92.0;;0;0;0;0
B1600708000000;FALA COMIGO;2016;Festivais · Pontuação;FSA puro;3.5;1;2.0;0.0;704.0;Q34359202;3;2;5546;3
B1600420900000;MULHER DO PAI;2016;Festivais · Pontuação;FSA puro;3.1;1;8.0;0.0;172.0;;0;0;0;0
B1700307900000;A SOMBRA DO PAI;2017;Festivais · Pontuação;Misto FSA+Renúncia;3.5;1;;;217.0;Q96099759;1;0;1187;1
B1700222300000;ABAIXO A GRAVIDADE;2017;Festivais · Pontuação;FSA puro;4.3;1;17.0;19.0;36.0;;0;0;0;0
B1700509000000;BIO;2017;Festivais · Pontuação;Misto FSA+Renúncia;0.0;0;34.0;11.0;45.0;Q118431420;1;0;1091;1
B1700449500000;CONSTRUINDO PONTES;2017;Festivais · Pontuação;FSA puro;0.0;0;;;37.0;;0;0;0;0
B1700112000000;CORPO ELÉTRICO;2017;Festivais · Pontuação;Misto FSA+Renúncia;3.0;1;;;1035.0;Q48879272;4;2;1915;4
B1700305400000;GABRIEL E A MONTANHA;2017;Festivais · Pontuação;FSA puro;3.798;2;4.0;0.0;1553.0;Q29832195;7;5;6240;7
B1800002100000;MATA NEGRA;2017;Festivais · Pontuação;FSA puro;0.0;0;;;;;0;0;0;0
B1700104200000;PENDULAR;2017;Festivais · Pontuação;Misto FSA+Renúncia;0.0;0;;;608.0;Q48879271;3;1;837;3
B1800019400000;SOBRADINHO;2017;Festivais · Pontuação;FSA puro;0.0;0;1.0;0.0;;;0;0;0;0
B1700501700000;UNICÓRNIO;2017;Festivais · Pontuação;FSA puro;0.0;0;2.0;0.0;172.0;;0;0;0;0
B1800145300000;A TORRE;2018;Festivais · Pontuação;Misto FSA+Renúncia;2.9;1;;;;;0;0;0;0
B1900027100000;AINDA TEMOS A IMENSIDÃO DA NOITE;2018;Festivais · Pontuação;FSA puro;3.3;1;;;115.0;;0;0;0;0
B1800092400000;MARE NOSTRUM;2018;Festivais · Pontuação;Misto FSA+Renúncia;0.0;0;;;51.0;Q106546709;0;0;0;0
B1800097300000;MEIO IRMÃO;2018;Festivais · Pontuação;Misto FSA+Renúncia;0.0;0;3.0;0.0;160.0;;0;0;0;0
B1800204300000;MORMAÇO;2018;Festivais · Pontuação;FSA puro;0.0;0;;;148.0;;0;0;0;0
B1900039300000;SIRON. TEMPO SOBRE TELA;2018;Festivais · Pontuação;FSA puro;3.648;2;0.0;;;;0;0;0;0
B1900486200000;A FEBRE;2019;Festivais · Pontuação;FSA puro;0.0;0;;;769.0;Q100997627;4;2;6389;4
B1900263400000;BREVE MIRAGEM DE SOL;2019;Festivais · Pontuação;FSA puro;3.88;1;0.0;;154.0;;0;0;0;0
B1900381200000;CASA;2019;Festivais · Pontuação;Misto FSA+Renúncia;3.045;2;;;37.0;;0;0;0;0
B1900148000000;CORA;2019;Festivais · Pontuação;Misto FSA+Renúncia;0.0;0;;;;;0;0;0;0
B1900545200000;DESTERRO;2019;Festivais · Pontuação;FSA puro;0.0;0;;;155.0;;0;0;0;0
B1900172900000;GRETA;2019;Festivais · Pontuação;FSA puro;0.0;0;0.0;;8582.0;;0;0;0;0
B1900205500000;O OUTRO LADO DA MEMÓRIA;2019;Festivais · Pontuação;Misto FSA+Renúncia;3.77;2;0.0;;;;0;0;0;0
B1900121000000;O RIO DE JANEIRO DE HO CHI MINH;2019;Festivais · Pontuação;Misto FSA+Renúncia;4.225;2;3.0;0.0;;;0;0;0;0
B1900235800000;OS SONÂMBULOS;2019;Festivais · Pontuação;Misto FSA+Renúncia;0.0;0;;;13.0;;0;0;0;0
B1900299800000;RAIA 4;2019;Festivais · Pontuação;FSA puro;0.0;0;2.0;0.0;116.0;;0;0;0;0
B1900332300000;RIO DE VOZES;2019;Festivais · Pontuação;Misto FSA+Renúncia;4.225;2;0.0;;;;0;0;0;0
B1900425300000;RODANTES;2019;Festivais · Pontuação;FSA puro;0.0;0;;;85.0;;0;0;0;0
B1900484900000;SANTIAGO DE LAS AMERICAS OU O OLHO DO TERCEIRO MUNDO;2019;Festivais · Pontuação;FSA puro;3.943;2;;;;;0;0;0;0
B1900381500000;SEM SEU SANGUE;2019;Festivais · Pontuação;FSA puro;0.0;0;0.0;;183.0;;0;0;0;0
B1900597200000;SERTÂNIA;2019;Festivais · Pontuação;FSA puro;0.0;0;;;207.0;;0;0;0;0
B1900035900000;SOLDADO ESTRANGEIRO;2019;Festivais · Pontuação;FSA puro;0.0;0;;;11.0;;0;0;0;0
B1900623600000;UM ANIMAL AMARELO;2019;Festivais · Pontuação;FSA puro;3.635;2;1.0;0.0;246.0;;0;0;0;0
B1900272800000;UMA BAÍA;2019;Festivais · Pontuação;FSA puro;0.0;0;;;;;0;0;0;0
B2000263300000;5 CASAS;2020;Festivais · Pontuação;Misto FSA+Renúncia;0.0;0;38.0;49.0;23.0;;0;0;0;0
B2000338900000;AOS PEDAÇOS;2020;Festivais · Pontuação;FSA puro;0.0;0;;;49.0;;0;0;0;0
B2000297200000;ESPERA;2020;Festivais · Pontuação;Misto FSA+Renúncia;4.37;2;0.0;;34.0;;0;0;0;0
B2000177900000;KEVIN;2020;Festivais · Pontuação;FSA puro;4.2;1;;;21.0;;0;0;0;0
B2000313600000;LUZ NOS TRÓPICOS;2020;Festivais · Pontuação;FSA puro;3.6;1;;;69.0;;0;0;0;0
B2000076800000;MATO SECO EM CHAMAS;2020;Festivais · Pontuação;FSA puro;3.9;1;0.0;;389.0;;0;0;0;0
B2000319500000;NHEENGATU;2020;Festivais · Pontuação;Misto FSA+Renúncia;0.0;0;;;32.0;;0;0;0;0
B2000361300000;O REFLEXO DO LAGO;2020;Festivais · Pontuação;FSA puro;3.844;1;;;21.0;;0;0;0;0
B2000346300000;PAIXÕES RECORRENTES;2020;Festivais · Pontuação;FSA puro;0.0;0;2.0;2.0;13.0;;0;0;0;0
B2000044900000;PARA ONDE VOAM AS FEITICEIRAS;2020;Festivais · Pontuação;FSA puro;0.0;0;2.0;0.0;44.0;;0;0;0;0
B2000473600000;VENTO SECO;2020;Festivais · Pontuação;FSA puro;0.0;0;1.0;0.0;1558.0;;0;0;0;0
B2100535800000;A VIDA É DA COR QUE PINTAMOS;2021;Festivais · Pontuação;FSA puro;3.2;1;0.0;;;;0;0;0;0
B2100105600000;FORTALEZA HOTEL;2021;Festivais · Pontuação;FSA puro;0.0;0;0.0;;50.0;;0;0;0;0
B2100027500000;NATUREZA MORTA;2021;Festivais · Pontuação;Misto FSA+Renúncia;0.0;0;0.0;;21.0;;0;0;0;0
B2200146400000;A FELICIDADE DAS COISAS;2022;Festivais · Pontuação;FSA puro;3.575;1;;;174.0;;0;0;0;0
B2200214700000;ADEUS CAPITÃO;2022;Festivais · Pontuação;Misto FSA+Renúncia;0.0;0;;;10.0;;0;0;0;0
B2200023200000;ALDEOTAS;2022;Festivais · Pontuação;FSA puro;0.0;0;;;14.0;;0;0;0;0
B2200132800000;BEM VINDOS DE NOVO;2022;Festivais · Pontuação;FSA puro;3.02;1;;;38.0;;0;0;0;0
B2300031800000;BIZARROS PEIXES DAS FOSSAS ABISSAIS;2022;Festivais · Pontuação;Misto FSA+Renúncia;0.0;0;;;20.0;;0;0;0;0
B2200004100000;CANÇÃO AO LONGE;2022;Festivais · Pontuação;FSA puro;0.0;0;1.0;0.0;13.0;;0;0;0;0
B2200295300000;CASA VAZIA;2022;Festivais · Pontuação;FSA puro;0.0;0;;;13.0;;0;0;0;0
B2200297400000;LAVRA;2022;Festivais · Pontuação;FSA puro;0.0;0;;;12.0;;0;0;0;0
B2300051700000;FOGARÉU;2023;Festivais · Pontuação;FSA puro;0.0;0;;;302.0;;0;0;0;0
B2300180200000;LAMPIÃO, GOVERNADOR DO SERTÃO;2023;Festivais · Pontuação;FSA puro;0.0;0;;;;;0;0;0;0
B2300537000000;LONGE DO PARAÍSO;2023;Festivais · Pontuação;FSA puro;3.84;2;;;;;0;0;0;0
B2300041800000;TIA VIRGÍNIA;2023;Festivais · Pontuação;FSA puro;0.0;0;0.0;;250.0;;0;0;0;0
B1800115900000;"""EL HOMBRE QUE CUIDA""";2017;Coprodução Intl;FSA puro;0.0;0;;;80.0;;0;0;0;0
B1700396100000;NINGUÉM ESTÁ OLHANDO;2017;Coprodução Intl;FSA puro;0.0;0;;;;;0;0;0;0
B1800293900000;AS HERDEIRAS;2018;Coprodução Intl;FSA puro;0.0;0;;;;;0;0;0;0
B1900036000000;LIBERDADE É UMA GRANDE PALAVRA;2018;Coprodução Intl;FSA puro;0.0;0;;;;;0;0;0;0
B1800468000000;PESSOAS HUMANAS;2018;Coprodução Intl;FSA puro;0.0;0;;;;;0;0;0;0
B1800215300000;UMA VIAGEM INESPERADA;2018;Coprodução Intl;Misto FSA+Renúncia;4.5;1;;;;;0;0;0;0
B1900322000000;VIVIR ALLÍ NO ES EL INFIERNO ES EL FUEGO DEL DESIERTO.LA PLENITUD DE LA VIDA QUEDÓ AHÍ COMO UN ÁRBOL;2018;Coprodução Intl;FSA puro;3.2;1;;;9.0;;0;0;0;0
B2000043400000;A OUTRA PELE;2019;Coprodução Intl;FSA puro;4.058;2;;;;;0;0;0;0
B1900541900000;BREVE HISTÓRIA DO PLANETA VERDE;2019;Coprodução Intl;FSA puro;0.0;0;;;242.0;;0;0;0;0
B1900050800000;POETAS DO CÉU;2019;Coprodução Intl;FSA puro;0.0;0;;;;;0;0;0;0
B2000556700000;A BARQUEIRA;2020;Coprodução Intl;FSA puro;0.0;0;;;;;0;0;0;0
B2000184900000;A HISTÓRIA DO MEU NOME;2020;Coprodução Intl;Misto FSA+Renúncia;3.77;1;;;;;0;0;0;0
B2100148000000;TANTAS ALMAS;2021;Coprodução Intl;FSA puro;0.0;0;;;327.0;;0;0;0;0
B2200208200000;LAS VACACIONES DE HILDA;2022;Coprodução Intl;FSA puro;0.0;0;;;20.0;;0;0;0;0
B2300174400000;FANTASMA;2023;Coprodução Intl;Misto FSA+Renúncia;3.7;1;;;;;0;0;0;0
B2300315200000;LA ESTRATÉGIA DEL MERO;2023;Coprodução Intl;FSA puro;0.0;0;;;;;0;0;0;0
B1800358900000;A FAMÍLIA SUBMERSA;2018;Coprodução Intl;FSA puro;3.9;1;;;;;0;0;0;0
B2100075500000;LAMAÇAL;2021;Coprodução Intl;FSA puro;0.0;0;;;;;0;0;0;0
B2000332000000;AVÓ DEZANOVE E O SEGREDO DO SOVIÉTICO;2020;Coprodução Intl;FSA puro;4.062;2;;;;;0;0;0;0
B2100120000000;PEDRO E INÊS;2020;Coprodução Intl;FSA puro;0.0;0;;;569.0;;0;0;0;0
B2100241700000;ESCRITA ÍNTIMA;2021;Coprodução Intl;FSA puro;0.0;0;;;;;0;0;0;0
B2100277700000;LA TEORIA DE LOS VIDRIOS ROTOS;2021;Coprodução Intl;FSA puro;0.0;0;;;106.0;Q109239205;3;2;3975;3
B2100119800000;MATEÍNA;2021;Coprodução Intl;FSA puro;0.0;0;;;54.0;Q111192366;1;1;2466;1
B2200298400000;O BAILE DOS 41;2021;Coprodução Intl;Misto FSA+Renúncia;0.0;0;;;;;0;0;0;0
B1500542700000;TORI, A DETETIVE;2015;Bilheteria · Produtora;FSA puro;0.0;0;0.0;;;;0;0;0;0
B1800078700000;TORI, A DETETIVE;2017;Bilheteria · Produtora;FSA puro;0.0;0;0.0;;;;0;0;0;0
B1900209700000;PACARRETE;2019;Arranjos Regionais;FSA puro;4.0;2;0.0;;462.0;;0;0;0;0
B2000142400000;MARES DO DESTERRO;2020;Arranjos Regionais;FSA puro;4.223;2;;;;;0;0;0;0
B2000484500000;O NOVELO;2020;Arranjos Regionais;FSA puro;0.0;0;1.0;0.0;75.0;;0;0;0;0
B2000461200000;VALENTINA;2020;Arranjos Regionais;FSA puro;0.0;0;1.0;0.0;424.0;Q109354694;1;0;4127;1
B2200250200000;NOITES ALIENÍGENAS;2022;Arranjos Regionais;FSA puro;3.575;2;2.0;1.0;353.0;Q113762801;1;0;3037;1
B2200012900000;REPRESA;2022;Arranjos Regionais;FSA puro;0.0;0;0.0;;15.0;;0;0;0;0
B2300179900000;NADA;2023;Arranjos Regionais;Misto FSA+Renúncia;4.259;2;0.0;;;;0;0;0;0
B1900300800000;BENTO;2019;Arranjos Regionais;Misto FSA+Renúncia;4.127;2;;;5.0;;0;0;0;0
B2000141100000;ALÉM DA LENDA - FILME;2020;Arranjos Regionais;FSA puro;3.97;2;;;13.0;;0;0;0;0
B2000100300000;PASSAGEM SECRETA;2020;Arranjos Regionais;FSA puro;0.0;0;;;47.0;Q111273930;1;0;1186;1
B2000378500000;PEQUENOS GUERREIROS;2020;Arranjos Regionais;FSA puro;3.708;2;0.0;;15.0;;0;0;0;0
B2000292100000;PIRÔCO;2020;Arranjos Regionais;FSA puro;0.0;0;;;;;0;0;0;0
B2000202100000;POROPOPÓ;2020;Arranjos Regionais;FSA puro;0.0;0;;;;Q123738437;1;0;938;1
B2100262500000;DESPEDIDA;2021;Arranjos Regionais;Misto FSA+Renúncia;4.0;1;;;13.0;Q122706763;1;1;348;1
B2200145800000;A CAVERNA DE ESTELA;2022;Arranjos Regionais;FSA puro;3.49;2;0.0;;;;0;0;0;0
B2200149500000;ALICE DOS ANJOS;2022;Arranjos Regionais;FSA puro;4.273;2;0.0;;103.0;;0;0;0;0
B2200087600000;CHICO - MEU AMIGO INVISÍVEL;2022;Arranjos Regionais;FSA puro;2.9;1;0.0;;;;0;0;0;0
B2200136500000;FABULOSOS JOÃO E MARIA;2022;Arranjos Regionais;Misto FSA+Renúncia;4.0;1;0.0;;;;0;0;0;0
B2200047500000;HOSPITAL DE BRINQUEDOS;2022;Arranjos Regionais;FSA puro;4.045;2;2.0;17.0;;;0;0;0;0
B2300513100000;OMEGATRONE - O PODER DOS 5 REINOS;2023;Arranjos Regionais;FSA puro;4.147;2;;;;;0;0;0;0
B1900050700000;A TERRA NEGRA DOS KAWA;2018;Arranjos Regionais;FSA puro;2.9;1;;;10.0;;0;0;0;0
B1900059200000;MUDANÇA;2018;Arranjos Regionais;FSA puro;4.095;2;4.0;0.0;14.0;;0;0;0;0
B1900533600000;EU, NIRVANA;2019;Arranjos Regionais;FSA puro;0.0;0;;;;;0;0;0;0
B1900307100000;NO CORAÇÃO DO MUNDO;2019;Arranjos Regionais;Misto FSA+Renúncia;4.3;1;;;422.0;Q61642186;3;2;2065;3
B1900410500000;TRÊS VERÕES;2019;Arranjos Regionais;FSA puro;0.0;0;;;654.0;Q66588063;4;2;12173;4
B2000386800000;CABEÇA DE NÊGO;2020;Arranjos Regionais;FSA puro;4.21;1;0.0;;266.0;Q97182995;1;0;4032;1
B2000312900000;MARTE UM;2020;Arranjos Regionais;FSA puro;3.907;2;;;2604.0;Q111461358;6;4;18942;6
B2000402100000;UM DIA COM JERUSA;2020;Arranjos Regionais;FSA puro;4.123;2;;;75.0;;0;0;0;0
B2100339300000;PATERNO;2021;Arranjos Regionais;FSA puro;0.0;0;;;;;0;0;0;0
B2300289500000;DENTRO DA CAIXINHA;2023;Arranjos Regionais;Misto FSA+Renúncia;4.4;1;;;;;0;0;0;0
B2300561400000;O MENINO MAIS RICO DO MUNDO;2023;Arranjos Regionais;FSA puro;4.5;1;2.0;0.0;;;0;0;0;0
B1800264200000;CARVANA;2018;Arranjos Regionais;Misto FSA+Renúncia;0.0;0;;;;;0;0;0;0
B1800515000000;CHUVA É CANTORIA NA ALDEIA DOS MORTOS;2018;Arranjos Regionais;FSA puro;4.003;2;;;884.0;Q53997860;7;5;5711;7
B1800150600000;O CHALÉ É UMA ILHA BATIDA DE VENTO E CHUVA;2018;Arranjos Regionais;FSA puro;3.5;2;;;;;0;0;0;0
B1800561900000;SERVIDÃO;2018;Arranjos Regionais;FSA puro;0.0;0;1.0;0.0;;;0;0;0;0
B1900203000000;CHÃO;2019;Arranjos Regionais;FSA puro;0.0;0;5.0;3.0;231.0;Q64341901;1;1;185;1
B1900189800000;EMPATE;2019;Arranjos Regionais;FSA puro;0.0;0;2.0;1.0;;;0;0;0;0
B1900093600000;ESTOU ME GUARDANDO PARA QUANDO O CARNAVAL CHEGAR;2019;Arranjos Regionais;FSA puro;3.062;2;;;955.0;Q61723885;2;1;3442;2
B1900623300000;OS OSSOS DA SAUDADE;2019;Arranjos Regionais;FSA puro;3.709;2;;;9.0;;0;0;0;0
B2100371800000;MARIAS;2021;Arranjos Regionais;Misto FSA+Renúncia;0.0;0;;;;;0;0;0;0
B2200361800000;MÔA, RAIZ AFRO MÃE;2022;Arranjos Regionais;Misto FSA+Renúncia;3.5;1;;;;;0;0;0;0
B2300366600000;KUNHÃ KARAI E AS NARRATIVAS DA TERRA;2023;Arranjos Regionais;FSA puro;3.0;1;;;;;0;0;0;0
B2100362700000;SEBASTIANA;2021;Arranjos Regionais;Misto FSA+Renúncia;0.0;0;;;;;0;0;0;0
B2200497200000;ODOYÁ;2022;Arranjos Regionais;FSA puro;0.0;0;0.0;;;;0;0;0;0
B2300286800000;ÁRIA;2023;Arranjos Regionais;FSA puro;0.0;0;1.0;1.0;;;0;0;0;0
B2300531100000;POING;2023;Arranjos Regionais;FSA puro;0.0;0;;;;;0;0;0;0
B2300322500000;TRONIK;2023;Arranjos Regionais;FSA puro;0.0;0;;;;;0;0;0;0
B2100427500000;NOITE DE FOGO;2021;Automático Festivais;FSA puro;4.38;2;;;;;0;0;0;0
B2200442800000;MEDUSA;2022;Automático Festivais;Misto FSA+Renúncia;3.02;1;15.0;0.0;984.0;Q111144593;4;3;9234;5
B2300440300000;A FESTA DE LÉO;2023;Automático Festivais;Misto FSA+Renúncia;3.363;1;;;46.0;;0;0;0;0
B2300345600000;ANGELA;2023;Automático Festivais;Misto FSA+Renúncia;3.573;2;;;;;0;0;0;0
B2300484100000;EROS;2023;Automático Festivais;FSA puro;0.0;0;;;42.0;Q130529549;0;0;0;0
B2300130000000;O ULTIMO EPISÓDIO;2023;Automático Festivais;FSA puro;3.98;1;;;50.0;;0;0;0;0
B2300165900000;PORNOMELANCOLIA;2023;Automático Festivais;FSA puro;0.0;0;;;513.0;Q113383724;2;2;1967;2
B1900363600000;MARÉS;2018;Automático Bilheteria;Misto FSA+Renúncia;4.223;2;;;16.0;;0;0;0;0
B2000484000000;A SOGRA PERFEITA;2020;Automático Bilheteria;Misto FSA+Renúncia;4.083;2;0.0;;197.0;Q106459275;1;0;5618;1
B2200393900000;ME CHAMA QUE EU VOU;2022;Automático Bilheteria;Misto FSA+Renúncia;3.52;2;;;42.0;;0;0;0;0
B2300472200000;Ó PAÍ, Ó 2;2023;Automático Bilheteria;Misto FSA+Renúncia;3.878;2;;;760.0;Q123575795;1;0;39442;1
