p;L
0.000000000000000000e+00;0.000000000000000000e+00
2.247191011235955254e-03;3.985432432597166600e-05
4.494382022471910508e-03;8.286799844641101656e-05
6.741573033707865328e-03;1.258816725668503807e-04
8.988764044943821016e-03;1.701598299037217752e-04
1.123595505617977670e-02;2.144379872405931698e-04
1.348314606741573066e-02;2.587201290870275693e-04
1.573033707865168634e-02;3.030027086934812021e-04
1.797752808988764203e-02;3.498296299367404261e-04
2.022471910112359772e-02;3.988199343935189571e-04
2.247191011235955341e-02;4.478102388502974880e-04
2.471910112359550910e-02;4.984339331454480139e-04
2.696629213483146131e-02;5.539215700806513843e-04
2.921348314606741700e-02;6.095658714994800671e-04
3.146067415730337269e-02;6.691847658767964124e-04
3.370786516853933185e-02;7.294039007115336740e-04
3.595505617977528406e-02;7.896234733062900335e-04
3.820224719101123628e-02;8.591368965890009953e-04
4.044943820224719544e-02;9.308746768021988575e-04
4.269662921348314766e-02;1.002612457015396611e-03
4.494382022471910682e-02;1.085944990313259710e-03
4.719101123595505903e-02;1.179598832799778159e-03
4.943820224719101819e-02;1.273252675286296607e-03
5.168539325842697041e-02;1.366920972787328322e-03
5.393258426966292263e-02;1.464056990747819543e-03
5.617977528089888178e-02;1.567710701494569618e-03
5.842696629213483400e-02;1.672187311738738014e-03
6.067415730337079316e-02;1.777022241959482461e-03
6.292134831460674538e-02;1.887481361031677091e-03
6.516853932584269760e-02;2.001494242741809221e-03
6.741573033707866369e-02;2.115575575824747874e-03
6.966292134831461591e-02;2.232186000414841925e-03
7.191011235955056813e-02;2.351423789169474615e-03
7.415730337078652035e-02;2.473393361254055262e-03
7.640449438202247257e-02;2.597770148882879663e-03
7.865168539325843866e-02;2.723658530792065578e-03
8.089887640449439088e-02;2.852699553153383982e-03
8.314606741573034310e-02;2.983010365454633050e-03
8.539325842696629532e-02;3.130652856297771666e-03
8.764044943820226141e-02;3.279049384307136487e-03
8.988764044943821363e-02;3.427446564489591146e-03
9.213483146067416585e-02;3.578564512530488760e-03
9.438202247191011807e-02;3.732791887855903008e-03
9.662921348314607028e-02;3.898690222244844718e-03
9.887640449438203638e-02;4.067965830512940313e-03
1.011235955056179886e-01;4.238010949423861966e-03
1.033707865168539408e-01;4.416867632555811218e-03
1.056179775280898930e-01;4.595724315687760471e-03
1.078651685393258453e-01;4.776703920500021024e-03
1.101123595505618113e-01;4.963269289554694645e-03
1.123595505617977636e-01;5.150182910105501055e-03
1.146067415730337158e-01;5.343744443647478227e-03
1.168539325842696680e-01;5.543016065277336923e-03
1.191011235955056341e-01;5.746617017357204087e-03
1.213483146067415863e-01;5.950922870274605835e-03
1.235955056179775385e-01;6.158230291768105984e-03
1.258426966292134908e-01;6.366882351230951365e-03
1.280898876404494569e-01;6.578688158946794165e-03
1.303370786516853952e-01;6.790493966662636098e-03
1.325842696629213613e-01;7.005121986420974854e-03
1.348314606741573274e-01;7.220805025693471935e-03
1.370786516853932657e-01;7.438246966855574689e-03
1.393258426966292318e-01;7.658780762364279793e-03
1.415730337078651702e-01;7.882160953923076849e-03
1.438202247191011363e-01;8.106039396788684154e-03
1.460674157303371024e-01;8.334723506608516033e-03
1.483146067415730407e-01;8.567442539864592033e-03
1.505617977528090068e-01;8.803006923907039788e-03
1.528089887640449451e-01;9.040227371970079376e-03
1.550561797752809112e-01;9.278702949479347359e-03
1.573033707865168773e-01;9.523762750363920157e-03
1.595505617977528157e-01;9.777543418740635567e-03
1.617977528089887818e-01;1.003251608978202210e-02
1.640449438202247201e-01;1.029082462617829374e-02
1.662921348314606862e-01;1.054995890304516980e-02
1.685393258426966523e-01;1.081187394769476083e-02
1.707865168539325906e-01;1.107499330589283015e-02
1.730337078651685567e-01;1.134020747979119781e-02
1.752808988764045228e-01;1.160648149749781387e-02
1.775280898876404612e-01;1.187595890008328464e-02
1.797752808988764273e-01;1.215680197325518137e-02
1.820224719101123656e-01;1.244724629398732789e-02
1.842696629213483317e-01;1.273887900809745830e-02
1.865168539325842978e-01;1.303051172220758697e-02
1.887640449438202361e-01;1.332860619409416934e-02
1.910112359550562022e-01;1.362670066598075345e-02
1.932584269662921406e-01;1.392878461466647705e-02
1.955056179775281067e-01;1.423514865026698391e-02
1.977528089887640728e-01;1.454609093202477270e-02
2.000000000000000111e-01;1.485703321378256322e-02
2.022471910112359772e-01;1.516797549554035202e-02
2.044943820224719155e-01;1.547891777729814254e-02
2.067415730337078816e-01;1.578987890953839276e-02
2.089887640449438477e-01;1.610501482507410015e-02
2.112359550561797861e-01;1.642854057218861435e-02
2.134831460674157522e-01;1.675320935538278377e-02
2.157303370786516905e-01;1.708449178121233467e-02
2.179775280898876566e-01;1.741661115059543047e-02
2.202247191011236227e-01;1.775186749040874590e-02
2.224719101123595610e-01;1.809838670760886489e-02
2.247191011235955271e-01;1.845610007387276513e-02
2.269662921348314932e-01;1.881381344013666190e-02
2.292134831460674316e-01;1.917942967016039377e-02
2.314606741573033977e-01;1.955256040826974448e-02
2.337078651685393360e-01;1.993345615146837474e-02
2.359550561797753021e-01;2.032666028592183469e-02
2.382022471910112682e-01;2.072014498881212183e-02
2.404494382022472065e-01;2.111486639949231719e-02
2.426966292134831726e-01;2.151415106528260096e-02
2.449438202247191110e-01;2.192415258770751343e-02
2.471910112359550771e-01;2.233459639962779436e-02
2.494382022471910432e-01;2.275747790281838767e-02
2.516853932584269815e-01;2.319103604232509996e-02
2.539325842696629199e-01;2.362666618040784247e-02
2.561797752808989137e-01;2.406295387870889535e-02
2.584269662921348520e-01;2.450577971050894519e-02
2.606741573033707904e-01;2.494913444575103112e-02
2.629213483146067842e-01;2.540077802401564597e-02
2.651685393258427226e-01;2.586058067179177258e-02
2.674157303370786609e-01;2.632554778892810809e-02
2.696629213483146548e-01;2.679063473616930327e-02
2.719101123595505931e-01;2.725704815880598819e-02
2.741573033707865314e-01;2.772446029072414900e-02
2.764044943820224698e-01;2.819272762704237018e-02
2.786516853932584636e-01;2.866099683947496632e-02
2.808988764044944020e-01;2.913863314252689712e-02
2.831460674157303403e-01;2.961916470100739440e-02
2.853932584269663342e-01;3.010906774557518123e-02
2.876404494382022725e-01;3.060657539638764538e-02
2.898876404494382109e-01;3.110408304720010605e-02
2.921348314606742047e-01;3.160159069801257020e-02
2.943820224719101430e-01;3.209909834882503088e-02
2.966292134831460814e-01;3.259660599963749156e-02
2.988764044943820752e-01;3.309633888290048481e-02
3.011235955056180136e-01;3.359697889426214307e-02
3.033707865168539519e-01;3.410133161981811906e-02
3.056179775280898903e-01;3.460713794091885287e-02
3.078651685393258841e-01;3.511723710651206559e-02
3.101123595505618225e-01;3.563340119595734268e-02
3.123595505617977608e-01;3.615416436536326300e-02
3.146067415730337546e-01;3.672260416607756733e-02
3.168539325842696930e-01;3.729554630178826685e-02
3.191011235955056313e-01;3.786977885576307823e-02
3.213483146067416252e-01;3.846596779953623951e-02
3.235955056179775635e-01;3.906378266442581126e-02
3.258426966292135019e-01;3.966950631623630125e-02
3.280898876404494402e-01;4.028714116802211559e-02
3.303370786516854340e-01;4.090653807535644254e-02
3.325842696629213724e-01;4.152831328820598411e-02
3.348314606741573107e-01;4.215019785172156169e-02
3.370786516853933046e-01;4.278452010650745513e-02
3.393258426966292429e-01;4.342972521831404281e-02
3.415730337078651813e-01;4.409396395708023442e-02
3.438202247191011751e-01;4.475820269584642602e-02
3.460674157303371135e-01;4.542832062314222652e-02
3.483146067415730518e-01;4.610425390640971594e-02
3.505617977528090456e-01;4.678527281756456740e-02
3.528089887640449840e-01;4.746775754580918882e-02
3.550561797752809223e-01;4.815167495539030007e-02
3.573033707865168607e-01;4.883616295388793632e-02
3.595505617977528545e-01;4.953442033643608300e-02
3.617977528089887929e-01;5.023622087710905015e-02
3.640449438202247312e-01;5.094164512375038562e-02
3.662921348314607251e-01;5.164706937039171414e-02
3.685393258426966634e-01;5.235308872944452463e-02
3.707865168539326017e-01;5.306640773681839396e-02
3.730337078651685956e-01;5.381030131548966700e-02
3.752808988764045339e-01;5.458404418644523942e-02
3.775280898876404723e-01;5.536247193832522645e-02
3.797752808988764106e-01;5.617092187089547939e-02
3.820224719101124045e-01;5.698641772071930123e-02
3.842696629213483428e-01;5.780292932566372804e-02
3.865168539325842811e-01;5.862420733316880267e-02
3.887640449438202750e-01;5.945329593534231377e-02
3.910112359550562133e-01;6.029416443628699690e-02
3.932584269662921517e-01;6.114138766715036810e-02
3.955056179775281455e-01;6.199161325277109669e-02
3.977528089887640839e-01;6.284667343324283617e-02
4.000000000000000222e-01;6.370368435276525798e-02
4.022471910112360161e-01;6.456148558099837620e-02
4.044943820224719544e-01;6.542131871256330611e-02
4.067415730337078927e-01;6.628721353391649196e-02
4.089887640449438311e-01;6.715452885079663259e-02
4.112359550561798249e-01;6.802516723971843704e-02
4.134831460674157633e-01;6.890162361117206646e-02
4.157303370786517016e-01;6.978297379121969901e-02
4.179775280898876955e-01;7.066862541015039856e-02
4.202247191011236338e-01;7.155891650803783421e-02
4.224719101123595721e-01;7.245699742039357627e-02
4.247191011235955660e-01;7.336028457692279903e-02
4.269662921348315043e-01;7.427031346109548571e-02
4.292134831460674427e-01;7.519360531244742574e-02
4.314606741573033810e-01;7.612353954672010370e-02
4.337078651685393749e-01;7.706007797158528905e-02
4.359550561797753132e-01;7.800637880223496023e-02
4.382022471910112515e-01;7.897166934090026069e-02
4.404494382022472454e-01;7.994960769564510294e-02
4.426966292134831837e-01;8.093031946559112177e-02
4.449438202247191221e-01;8.192804298297598486e-02
4.471910112359551159e-01;8.296037116186652516e-02
4.494382022471910543e-01;8.400542578389641468e-02
4.516853932584269926e-01;8.505849460367306825e-02
4.539325842696629865e-01;8.611424067438870622e-02
4.561797752808989248e-01;8.717115165131721077e-02
4.584269662921348631e-01;8.823393363334311457e-02
4.606741573033708015e-01;8.931770629763104152e-02
4.629213483146067953e-01;9.043709851195907978e-02
4.651685393258427337e-01;9.155649072628713192e-02
4.674157303370786720e-01;9.267588294061517018e-02
4.696629213483146659e-01;9.379781156329640435e-02
4.719101123595506042e-01;9.491998979852737939e-02
4.741573033707865426e-01;9.605576251928037157e-02
4.764044943820225364e-01;9.719657585010975376e-02
4.786516853932584747e-01;9.833738918093913595e-02
4.808988764044944131e-01;9.947918167372506171e-02
4.831460674157304069e-01;1.006358869618640406e-01
4.853932584269663453e-01;1.018271913903721348e-01
4.876404494382022836e-01;1.030195692779184574e-01
4.898876404494382220e-01;1.042119471654647939e-01
4.921348314606742158e-01;1.054407983690969497e-01
4.943820224719101541e-01;1.066909609365399303e-01
4.966292134831460925e-01;1.079555629556808449e-01
4.988764044943820863e-01;1.092213079840997914e-01
5.011235955056180247e-01;1.104980656698520830e-01
5.033707865168539630e-01;1.117821892486303981e-01
5.056179775280899014e-01;1.130725994722435734e-01
5.078651685393258397e-01;1.143858085414113518e-01
5.101123595505618891e-01;1.157066701113434737e-01
5.123595505617978274e-01;1.170318928163310845e-01
5.146067415730337657e-01;1.183577506664372225e-01
5.168539325842697041e-01;1.196862281439696057e-01
5.191011235955056424e-01;1.210223475177532038e-01
5.213483146067415808e-01;1.223634656642627883e-01
5.235955056179775191e-01;1.237208970361625138e-01
5.258426966292135685e-01;1.250888357741929968e-01
5.280898876404495068e-01;1.265226365255822938e-01
5.303370786516854452e-01;1.279690902657664997e-01
5.325842696629213835e-01;1.294184323376238455e-01
5.348314606741573218e-01;1.308694519594782446e-01
5.370786516853932602e-01;1.323619749119156197e-01
5.393258426966293095e-01;1.338929881195251026e-01
5.415730337078652479e-01;1.354400442133781579e-01
5.438202247191011862e-01;1.369947556221671192e-01
5.460674157303371246e-01;1.385494670309560528e-01
5.483146067415730629e-01;1.401041784397449863e-01
5.505617977528090012e-01;1.416588898485339199e-01
5.528089887640449396e-01;1.432136012573228534e-01
5.550561797752809889e-01;1.447683126661118147e-01
5.573033707865169273e-01;1.463310158754155266e-01
5.595505617977528656e-01;1.478947815104182106e-01
5.617977528089888040e-01;1.494980328668767955e-01
5.640449438202247423e-01;1.511110456463932439e-01
5.662921348314606806e-01;1.527279455115337636e-01
5.685393258426967300e-01;1.543448453766742556e-01
5.707865168539326683e-01;1.560043622517544859e-01
5.730337078651686067e-01;1.576672347807292485e-01
5.752808988764045450e-01;1.593315362030762461e-01
5.775280898876404834e-01;1.610003289449481179e-01
5.797752808988764217e-01;1.626759502606909547e-01
5.820224719101123600e-01;1.643582837329412571e-01
5.842696629213484094e-01;1.660442046932187332e-01
5.865168539325843478e-01;1.677584772526141965e-01
5.887640449438202861e-01;1.694795066468407496e-01
5.910112359550562244e-01;1.712022207113650663e-01
5.932584269662921628e-01;1.729430310603751186e-01
5.955056179775281011e-01;1.747315978916945955e-01
5.977528089887641505e-01;1.765410916709908573e-01
6.000000000000000888e-01;1.783734025298865933e-01
6.022471910112360272e-01;1.802154379774614790e-01
6.044943820224719655e-01;1.820810916680082048e-01
6.067415730337079038e-01;1.839467453585549306e-01
6.089887640449438422e-01;1.858178401827940418e-01
6.112359550561797805e-01;1.876930840339584849e-01
6.134831460674158299e-01;1.895768681632063191e-01
6.157303370786517682e-01;1.914648761584750447e-01
6.179775280898877066e-01;1.934004914938948216e-01
6.202247191011236449e-01;1.953361068293145986e-01
6.224719101123595832e-01;1.972717221647344032e-01
6.247191011235955216e-01;1.992386866565370729e-01
6.269662921348315709e-01;2.012060457487946652e-01
6.292134831460675093e-01;2.031734692632460870e-01
6.314606741573034476e-01;2.051408927776975366e-01
6.337078651685393860e-01;2.071213637116550987e-01
6.359550561797753243e-01;2.091132119302403780e-01
6.382022471910112627e-01;2.111059281465389736e-01
6.404494382022472010e-01;2.130986443628375415e-01
6.426966292134832504e-01;2.151220139472370119e-01
6.449438202247191887e-01;2.171485372173523054e-01
6.471910112359551270e-01;2.192076507381745254e-01
6.494382022471910654e-01;2.212720563666711049e-01
6.516853932584270037e-01;2.233651426468781509e-01
6.539325842696629421e-01;2.254641348904470044e-01
6.561797752808988804e-01;2.275812045412174689e-01
6.584269662921349298e-01;2.296992626183758934e-01
6.606741573033708681e-01;2.318297298966678632e-01
6.629213483146068064e-01;2.339816336755989878e-01
6.651685393258427448e-01;2.361419501121670983e-01
6.674157303370786831e-01;2.383229724368361169e-01
6.696629213483146215e-01;2.405421033346098469e-01
6.719101123595506708e-01;2.427808877632658957e-01
6.741573033707866092e-01;2.450215437410785679e-01
6.764044943820225475e-01;2.472724011086362417e-01
6.786516853932584858e-01;2.495564272044316079e-01
6.808988764044944242e-01;2.518475823114793011e-01
6.831460674157303625e-01;2.541391614293080359e-01
6.853932584269663009e-01;2.564723526476837545e-01
6.876404494382023502e-01;2.588062854136642943e-01
6.898876404494382886e-01;2.611430450105022838e-01
6.921348314606742269e-01;2.634870998244578377e-01
6.943820224719101653e-01;2.658540161461879214e-01
6.966292134831461036e-01;2.682387719212805388e-01
6.988764044943820419e-01;2.706333083630041991e-01
7.011235955056180913e-01;2.730850877878692740e-01
7.033707865168540296e-01;2.756326150043350021e-01
7.056179775280899680e-01;2.782102184603864048e-01
7.078651685393259063e-01;2.807910389076127555e-01
7.101123595505618447e-01;2.834142702602147068e-01
7.123595505617977830e-01;2.860377046173251392e-01
7.146067415730337213e-01;2.886701414734960669e-01
7.168539325842697707e-01;2.913035800854007484e-01
7.191011235955057090e-01;2.939480235732311320e-01
7.213483146067416474e-01;2.966308738202104167e-01
7.235955056179775857e-01;2.993137240671897015e-01
7.258426966292135241e-01;3.020038125510129956e-01
7.280898876404494624e-01;3.047401046304815120e-01
7.303370786516855118e-01;3.075011160355107243e-01
7.325842696629214501e-01;3.102644355079067773e-01
7.348314606741573884e-01;3.130476243536763348e-01
7.370786516853933268e-01;3.158386876624077466e-01
7.393258426966292651e-01;3.186371681982278492e-01
7.415730337078652035e-01;3.214612456344390634e-01
7.438202247191011418e-01;3.242853230706503331e-01
7.460674157303371912e-01;3.271765732362552082e-01
7.483146067415731295e-01;3.300799962393848874e-01
7.505617977528090679e-01;3.330219540956053104e-01
7.528089887640450062e-01;3.359720549850263582e-01
7.550561797752809445e-01;3.389224124018186957e-01
7.573033707865168829e-01;3.418935123624131101e-01
7.595505617977528212e-01;3.448891313510247247e-01
7.617977528089888706e-01;3.479415801219889470e-01
7.640449438202248089e-01;3.509970783203134603e-01
7.662921348314607473e-01;3.540536223273239580e-01
7.685393258426966856e-01;3.571172018436202245e-01
7.707865168539326239e-01;3.602084725757107586e-01
7.730337078651685623e-01;3.633019130608697855e-01
7.752808988764046116e-01;3.664144059877353365e-01
7.775280898876405500e-01;3.695398124063427603e-01
7.797752808988764883e-01;3.727009750454551296e-01
7.820224719101124267e-01;3.758890578709596642e-01
7.842696629213483650e-01;3.791042310910989754e-01
7.865168539325843033e-01;3.823915913315038551e-01
7.887640449438202417e-01;3.857063601734081471e-01
7.910112359550562910e-01;3.890319311190104656e-01
7.932584269662922294e-01;3.923823712470420610e-01
7.955056179775281677e-01;3.957375696924748110e-01
7.977528089887641061e-01;3.990993849342018285e-01
8.000000000000000444e-01;4.024772325291303132e-01
8.022471910112359827e-01;4.058661254525838258e-01
8.044943820224720321e-01;4.092753425016658619e-01
8.067415730337079705e-01;4.127044542248637926e-01
8.089887640449439088e-01;4.161337755368382796e-01
8.112359550561798471e-01;4.195870997845688732e-01
8.134831460674157855e-01;4.230748136196275655e-01
8.157303370786517238e-01;4.266570042949429098e-01
8.179775280898876622e-01;4.303302684497120612e-01
8.202247191011237115e-01;4.340097744727198226e-01
8.224719101123596499e-01;4.377410818538132742e-01
8.247191011235955882e-01;4.414723892349067258e-01
8.269662921348315265e-01;4.452207335033715463e-01
8.292134831460674649e-01;4.490106140505612520e-01
8.314606741573034032e-01;4.528169801040433651e-01
8.337078651685394526e-01;4.566327211188913049e-01
8.359550561797753909e-01;4.604593460449574738e-01
8.382022471910113293e-01;4.643235011738041651e-01
8.404494382022472676e-01;4.681947318446437190e-01
8.426966292134832059e-01;4.720659625154833283e-01
8.449438202247191443e-01;4.760460237219830693e-01
8.471910112359550826e-01;4.800800484994440231e-01
8.494382022471911320e-01;4.841263643900398095e-01
8.516853932584270703e-01;4.881991781447496126e-01
8.539325842696630087e-01;4.923563594671864774e-01
8.561797752808989470e-01;4.965299810279562576e-01
8.584269662921348854e-01;5.007260875692807200e-01
8.606741573033708237e-01;5.049230194490512691e-01
8.629213483146067620e-01;5.091352684625567449e-01
8.651685393258428114e-01;5.134449250303089185e-01
8.674157303370787497e-01;5.177596193314288886e-01
8.696629213483146881e-01;5.221624912312025080e-01
8.719101123595506264e-01;5.265676251352684467e-01
8.741573033707865648e-01;5.311339206673728608e-01
8.764044943820225031e-01;5.357835918387362506e-01
8.786516853932585525e-01;5.404477260651030512e-01
8.808988764044944908e-01;5.451128508798562811e-01
8.831460674157304291e-01;5.498846294551731351e-01
8.853932584269663675e-01;5.547103283882836022e-01
8.876404494382023058e-01;5.595507238990331533e-01
8.898876404494382442e-01;5.644159273594124837e-01
8.921348314606741825e-01;5.693276772083338821e-01
8.943820224719102319e-01;5.742698127217036319e-01
8.966292134831461702e-01;5.792346346120383904e-01
8.988764044943821085e-01;5.842521942648756239e-01
9.011235955056180469e-01;5.893403147041762491e-01
9.033707865168539852e-01;5.944811440942230352e-01
9.056179775280899236e-01;5.996449974188792220e-01
9.078651685393259729e-01;6.050165861335179418e-01
9.101123595505619113e-01;6.104778350149213662e-01
9.123595505617978496e-01;6.159436355909967409e-01
9.146067415730337880e-01;6.214846270519205351e-01
9.168539325842697263e-01;6.270488722089266886e-01
9.191011235955056646e-01;6.328838599932465891e-01
9.213483146067416030e-01;6.387576068888614067e-01
9.235955056179776523e-01;6.448754432054063512e-01
9.258426966292135907e-01;6.510466829834348212e-01
9.280898876404495290e-01;6.572882994207023266e-01
9.303370786516854674e-01;6.635424279416417548e-01
9.325842696629214057e-01;6.701799530304972663e-01
9.348314606741573440e-01;6.769264771658186630e-01
9.370786516853933934e-01;6.836806202194571913e-01
9.393258426966293317e-01;6.905597252118620410e-01
9.415730337078652701e-01;6.982043258730050717e-01
9.438202247191012084e-01;7.059273347943281207e-01
9.460674157303371468e-01;7.137914246304997157e-01
9.483146067415730851e-01;7.220776832786827137e-01
9.505617977528090234e-01;7.303865842866142932e-01
9.528089887640450728e-01;7.391384923679277241e-01
9.550561797752810111e-01;7.478983041885209904e-01
9.573033707865169495e-01;7.566599077876747792e-01
9.595505617977528878e-01;7.656051113873805214e-01
9.617977528089888262e-01;7.746745027249239968e-01
9.640449438202247645e-01;7.839349719600732236e-01
9.662921348314608139e-01;7.940083851989520047e-01
9.685393258426967522e-01;8.041595754837985721e-01
9.707865168539326906e-01;8.146822274707430367e-01
9.730337078651686289e-01;8.255896973519812887e-01
9.752808988764045672e-01;8.367495416020011012e-01
9.775280898876405056e-01;8.480506014450794883e-01
9.797752808988764439e-01;8.594848598692979014e-01
9.820224719101124933e-01;8.715002935427189623e-01
9.842696629213484316e-01;8.852144406051793979e-01
9.865168539325843700e-01;8.992863496788691124e-01
9.887640449438203083e-01;9.135899085435670308e-01
9.910112359550562466e-01;9.293849482238402127e-01
9.932584269662921850e-01;9.452543269705013795e-01
9.955056179775281233e-01;9.620732489826716582e-01
9.977528089887641727e-01;9.798307668560618522e-01
1.000000000000000000e+00;1.000000000000000000e+00
