cnpj;n_obras;fsa_mi;receita_crt_mi;pub_por_mi_fsa;tem_intl;pct_sala;tipo;s16_perfil;uf
00020648000120;1;1.0110807;0.16557639999999998;4081.7711187643085;True;100.0;Vitrine Internacional;Emergentes / micro;
00101698000131;1;4.9282875;0.3075254;1231.6651575217559;True;100.0;Vitrine Internacional;;
00285073000177;1;0.22789762;0.06580386;0.0;False;0.0;Independente fora da sala;Emergentes / micro;
00338948000151;3;10.36556498;2.13785712;5410.414203973279;False;100.0;Aposta de Alto Fomento;Campeãs de público;
00538914000100;2;8.802549;18.84594364;105946.92514634112;False;100.0;Campeã Doméstica;Campeãs de público;
00614991000100;1;0.5568776;0.06961392;0.0;False;0.0;Independente fora da sala;Baixo retorno / nicho;
00639143000148;1;0.78158375;0.22165220000000002;2058.6405487575707;False;100.0;Pequeno Porte de Sala;Emergentes / micro;
00817115000173;2;7.560147;0.31070921999999995;332.6654891763348;False;100.0;Aposta de Alto Fomento;Campeãs de público;
00830735000142;4;19.876606759999998;0.91493738;18.86639930688049;True;25.0;Vitrine Internacional;Produção para TV/VoD;
00845658000102;4;3.35310042;0.64069446;3564.46228950101;False;75.0;Pequeno Porte de Sala;Campeãs de público;
00975333000136;1;2.2016917;0.19818728;2698.379614184856;False;100.0;Pequeno Porte de Sala;Emergentes / micro;
00993636000181;1;0.5241479;0.010357479999999999;993.9942523856339;False;100.0;Pequeno Porte de Sala;;
01009824000195;1;0.69331248;0.11137552;0.0;False;0.0;Independente fora da sala;Baixo retorno / nicho;
01025252000138;1;1.41551298;0.00260428;92.54595461215764;False;100.0;Pequeno Porte de Sala;Emergentes / micro;
01106959000179;1;2.3494749500000003;0.09802828;2098.766790426942;False;100.0;Pequeno Porte de Sala;Produção para TV/VoD;
01111024000180;1;3.9039192799999998;0.00107352;13.83225321195678;False;100.0;Pequeno Porte de Sala;;
01125538000195;2;7.0004633599999995;0.22627359999999996;450.2559099173687;True;100.0;Vitrine Internacional;Comerciais de sala;
01161933000123;2;9.3004416;1.2455298;3288.661045944313;False;100.0;Aposta de Alto Fomento;;
01231528000134;1;3.1324365;0.021231840000000002;340.94865131344244;False;100.0;Pequeno Porte de Sala;Campeãs de público;
01282220000118;4;1.6222989399999999;0.56512868;2129.693803535371;False;50.0;Pequeno Porte de Sala;Produção para TV/VoD;
01369211000169;7;6.907683110000001;3.8508907000000003;4794.950705258973;True;100.0;Duplo Motor;Comerciais de sala;
01378559000112;7;17.679936730000005;1.8220697500000003;3993.057276059606;True;100.0;Vitrine Internacional;Comerciais de sala;
01464291000131;2;2.3428642;0.34626304;1208.350018750553;False;100.0;Pequeno Porte de Sala;Emergentes / micro;
01473536000197;3;11.77836999;31.29153476;130860.21251740285;False;100.0;Campeã Doméstica;Campeãs de público;
01541247000188;1;0.53787567;0.017832360000000002;1667.6716386892904;False;100.0;Pequeno Porte de Sala;;
01605800000107;1;0.18569576999999998;0.35766584;32.31091370578878;True;100.0;Vitrine Internacional;Emergentes / micro;
01613170000104;1;1.33467;0.036758120000000005;1385.3611754216397;False;100.0;Pequeno Porte de Sala;Produção para TV/VoD;
01713311000160;1;3.7555902000000003;0.8780693600000001;8949.325727817693;True;100.0;Vitrine Internacional;;
01803185000135;2;4.3252831;0.32424369999999997;560.1945454159983;False;100.0;Pequeno Porte de Sala;Campeãs de público;
01946155000188;1;1.3334684399999999;0.23247778000000002;6287.36290151719;False;100.0;Pequeno Porte de Sala;Emergentes / micro;
01970799000101;1;0.21666015;0.0;0.0;False;0.0;Independente fora da sala;Emergentes / micro;
02008424000128;2;7.5516188799999995;12.862589119999999;83051.4635293671;False;100.0;Campeã Doméstica;Campeãs de público;
02020661000104;1;5.2218363;2.39475698;15907.430878290843;False;100.0;Aposta de Alto Fomento;;
02140120000110;8;22.57612346;8.565530769999999;14862.870527551588;True;100.0;Duplo Motor;Prestígio internacional;
02140164000140;3;15.751176769999999;97.44769986;309021.9906153717;True;100.0;Duplo Motor;Campeãs de público;
02231569000193;2;5.2207275;0.0364798;351.4835815506556;False;100.0;Aposta de Alto Fomento;Campeãs de público;
02238621000133;3;6.986458150000001;4.71677221;31327.175415772006;True;100.0;Duplo Motor;Prestígio internacional;
02282322000104;2;5.11121325;0.8015897600000002;937.5464817477534;False;100.0;Aposta de Alto Fomento;Emergentes / micro;
02298682000196;2;5.75430896;0.27610021999999995;521.5222228873855;False;100.0;Aposta de Alto Fomento;Comerciais de sala;
02342813000195;1;1.33467;0.09612995999999999;462.2865577258798;False;100.0;Pequeno Porte de Sala;Campeãs de público;
02395043000149;2;3.42129591;0.37561664;1275.2477759224282;False;100.0;Pequeno Porte de Sala;Produção para TV/VoD;
02402531000136;1;0.49567034000000004;0.11896088;0.0;False;0.0;Independente fora da sala;Baixo retorno / nicho;
02501714000109;2;3.8160551;0.04669812;615.5571495809901;False;50.0;Pequeno Porte de Sala;Produção para TV/VoD;
02525725000129;4;16.010470429999998;9.248025809999998;27213.503932001582;True;100.0;Duplo Motor;Prestígio internacional;
02585713000190;2;2.611622;0.02083424;401.28318723000496;False;50.0;Pequeno Porte de Sala;Produção para TV/VoD;
02593994000122;1;0.24142152;0.00111328;231.95943758452023;False;100.0;Pequeno Porte de Sala;Produção para TV/VoD;
02605295000155;2;10.012677199999999;9.80404656;47621.62910834677;True;100.0;Duplo Motor;Prestígio internacional;
02669022000174;5;9.80716734;0.8703781;1673.2660340228274;True;40.0;Vitrine Internacional;Produção para TV/VoD;
02683477000144;1;4.6532775;0.65166472;3724.9014270049447;False;100.0;Pequeno Porte de Sala;;
02736672000195;1;3.76299661;1.35970276;17054.75891991303;False;100.0;Pequeno Porte de Sala;Campeãs de público;
02825596000194;1;0.6691549499999999;0.09452528;826.4154662533693;False;100.0;Pequeno Porte de Sala;Emergentes / micro;
02863008000107;1;0.400401;0.6779075999999999;75539.27187994035;False;100.0;Pequeno Porte de Sala;;
02902219000101;1;1.47848625;0.45330697999999997;6793.434839180953;True;100.0;Vitrine Internacional;Produção para TV/VoD;
02908530000168;2;3.41671197;0.35948098000000006;1290.421914025138;True;100.0;Vitrine Internacional;Comerciais de sala;
03021799000190;1;0.1276952;0.0;0.0;False;0.0;Independente fora da sala;Baixo retorno / nicho;
03048443000140;1;0.32510442;0.28888020000000003;0.0;False;0.0;Independente fora da sala;Baixo retorno / nicho;
03093490000106;1;6.11296563;0.16376912;830.0390198660417;True;100.0;Vitrine Internacional;Emergentes / micro;
03104388000169;1;0.52058798;0.0;0.0;False;0.0;Independente fora da sala;Emergentes / micro;
03117764000150;1;1.92829371;0.10810332;640.9811916048826;True;100.0;Vitrine Internacional;;
03274384000129;1;1.2131044;0.4804812;0.0;False;0.0;Independente fora da sala;Emergentes / micro;
03360320000140;5;11.27552145;6.936364029999999;21681.658013253127;True;100.0;Duplo Motor;Produção para TV/VoD;
03385173000163;1;0.5777604000000001;0.3737076;0.0;False;0.0;Independente fora da sala;Emergentes / micro;
03450528000150;1;0.10484618;0.0;0.0;False;0.0;Independente fora da sala;Emergentes / micro;
03493590000120;1;2.7443619;0.07541888000000001;106.39996131705516;True;100.0;Vitrine Internacional;Produção para TV/VoD;
03576269000109;1;0.7435055;0.00041748;28.244579226380974;False;100.0;Pequeno Porte de Sala;Emergentes / micro;
03626688000108;2;10.151684849999999;2.63272744;11570.394642422338;False;100.0;Campeã Doméstica;;
03675713000143;1;2.56504413;0.04003832;785.1716765590306;False;100.0;Pequeno Porte de Sala;Emergentes / micro;
03746956000125;1;0.7435055;0.44879572;2104.893642346963;True;100.0;Vitrine Internacional;Comerciais de sala;
03760043000163;2;3.5988551;0.69792808;752.461525889164;False;100.0;Pequeno Porte de Sala;Campeãs de público;
03766122000181;1;2.0990256;0.61259604;428.2939664956921;True;100.0;Vitrine Internacional;;
03827382000110;1;0.07780878999999999;0.0;0.0;False;0.0;Independente fora da sala;Emergentes / micro;
03863923000165;1;0.2002005;0.0007355599999999999;184.81472323995195;False;100.0;Pequeno Porte de Sala;Emergentes / micro;
03931658000105;1;0.94121333;0.005467;292.1760574725392;False;100.0;Pequeno Porte de Sala;Produção para TV/VoD;
03987306000171;3;12.79876275;13.01888627;47889.55088647143;False;100.0;Campeã Doméstica;Campeãs de público;
04092785000120;1;1.861311;0.23126460000000001;910.6484622935125;False;100.0;Pequeno Porte de Sala;;
04120591000191;1;0.048146699999999994;0.0;0.0;False;0.0;Independente fora da sala;Emergentes / micro;
04125602000126;1;0.387871;0.062898;0.0;False;0.0;Independente fora da sala;Emergentes / micro;
04178239000107;1;0.56038376;0.0;0.0;False;0.0;Independente fora da sala;Baixo retorno / nicho;
04302591000102;2;3.48392148;0.32057096;683.9993420287991;False;100.0;Pequeno Porte de Sala;Emergentes / micro;
04310171000178;1;3.7933056;0.49859404;4027.094468739877;True;100.0;Vitrine Internacional;;
04315253000105;1;0.63627442;0.08484372;103.72882819963122;False;100.0;Pequeno Porte de Sala;Emergentes / micro;
04315795000188;1;0.37175275;0.09374996;1382.6394021295066;False;100.0;Pequeno Porte de Sala;Emergentes / micro;
04344932000102;1;1.79457495;7.5059149199999995;203966.40441236517;False;100.0;Campeã Doméstica;Emergentes / micro;
04350398000147;2;3.429171;0.030774239999999998;451.42105774252724;False;100.0;Pequeno Porte de Sala;Produção para TV/VoD;
04462804000163;1;2.55658977;0.38158148;472.8955791761617;False;100.0;Pequeno Porte de Sala;Emergentes / micro;
04474294000144;1;1.1167866000000002;0.28005908;3159.959118420654;False;100.0;Pequeno Porte de Sala;Emergentes / micro;
04483967000122;1;1.0592274;0.08031626;689.1815676218346;False;100.0;Pequeno Porte de Sala;Emergentes / micro;
04614433000198;4;4.52918197;0.21724592;683.7879379794493;True;100.0;Vitrine Internacional;Comerciais de sala;
04650621000171;1;0.67800753;0.00121268;89.969502256118;True;100.0;Vitrine Internacional;Produção para TV/VoD;
04661796000184;1;0.33813306;0.06580386;0.0;False;0.0;Independente fora da sala;Baixo retorno / nicho;
04687576000120;1;0.9810480699999999;0.14704824;3256.721151288744;False;100.0;Pequeno Porte de Sala;Comerciais de sala;
04696982000159;1;1.46992054;0.0;0.0;False;0.0;Independente fora da sala;Emergentes / micro;
04727439000171;1;2.50804409;0.08759484;150.7150538170962;False;100.0;Pequeno Porte de Sala;;
04728553000116;1;0.79844275;0.39623556;404.53745744450686;True;100.0;Vitrine Internacional;Emergentes / micro;
04760800000161;1;1.03347265;0.14065814000000001;2628.032778612961;True;100.0;Vitrine Internacional;Prestígio internacional;
04761874000112;3;2.41811725;0.84242808;982.9961719184627;False;66.66666666666666;Pequeno Porte de Sala;Produção para TV/VoD;
04852671000131;1;2.1666015;0.09387295999999999;400.62743425590725;False;100.0;Pequeno Porte de Sala;Produção para TV/VoD;
04858795000124;1;0.87132123;0.45014647999999996;438.4146590804404;False;100.0;Pequeno Porte de Sala;;
04864145000191;1;2.6802878399999996;0.4484102;2482.9422798112614;False;100.0;Pequeno Porte de Sala;;
04909742000195;1;1.73167364;0.69351702;12777.811874528506;False;100.0;Pequeno Porte de Sala;;
04937797000109;4;5.4015724899999995;0.32313088;699.0556929469255;False;75.0;Aposta de Alto Fomento;Produção para TV/VoD;
04939205000198;3;5.49789227;1.06596056;2078.250980352512;False;100.0;Aposta de Alto Fomento;Emergentes / micro;
04952911000170;3;1.49556484;0.20044247999999998;64.85843836767386;True;66.66666666666666;Vitrine Internacional;Produção para TV/VoD;
04979293000151;1;3.46259542;0.11816594;420.49382714195355;False;100.0;Pequeno Porte de Sala;Baixo retorno / nicho;
04979755000130;1;0.64275845;0.0;0.0;False;0.0;Independente fora da sala;Emergentes / micro;
04980287000114;6;5.4180228800000005;0.46866966;1186.2260721940693;True;100.0;Vitrine Internacional;Comerciais de sala;
05145815000182;1;0.2604905;0.0;0.0;False;0.0;Independente fora da sala;Emergentes / micro;
05163327000106;2;5.616328859999999;0.48807536;68.01596016227583;True;50.0;Vitrine Internacional;Produção para TV/VoD;
05209603000111;1;0.9913406300000001;0.20221614000000002;0.0;False;0.0;Independente fora da sala;Emergentes / micro;
05256465000121;3;8.644632230000001;10.258552219999999;58334.69679021845;False;100.0;Campeã Doméstica;Campeãs de público;
05270790000149;2;3.0930795;0.3336111;2993.133542154348;False;100.0;Pequeno Porte de Sala;Produção para TV/VoD;
05416743000160;1;1.09774476;0.12365466;2650.889447197179;False;100.0;Pequeno Porte de Sala;Emergentes / micro;
05436489000162;3;1.8575549;0.31608403999999996;1643.55842188029;True;100.0;Vitrine Internacional;Prestígio internacional;
05456798000102;1;3.67965654;0.18607268;1401.761263294427;False;100.0;Pequeno Porte de Sala;Emergentes / micro;
05463157000177;1;1.27130987;0.54434952;16560.87197686902;False;100.0;Pequeno Porte de Sala;Emergentes / micro;
05500952000198;1;3.0628268;0.5410389200000001;2025.9062641086987;True;100.0;Vitrine Internacional;;
05508188000105;5;18.826003800000002;4.78193732;11574.947201487337;False;100.0;Campeã Doméstica;Produção para TV/VoD;
05565485000184;3;12.209110030000002;34.3683646;140451.26923964662;False;100.0;Campeã Doméstica;Campeãs de público;
05572253000153;1;0.3480485;0.09021312;3947.7256761629487;False;100.0;Pequeno Porte de Sala;Comerciais de sala;
05609007000129;1;1.7402425;0.00508928;147.10593494872123;False;100.0;Pequeno Porte de Sala;Emergentes / micro;
05626923000177;1;4.176582;0.30795696;2702.9278965431545;False;100.0;Pequeno Porte de Sala;Campeãs de público;
05726196000110;1;0.16610612;0.0;0.0;False;0.0;Independente fora da sala;Emergentes / micro;
05760527000138;1;0.8660772800000001;0.10323644;1546.0514101004935;False;100.0;Pequeno Porte de Sala;Produção para TV/VoD;
05791137000125;1;0.32643463;0.2784388;0.0;False;0.0;Independente fora da sala;Baixo retorno / nicho;
05919250000143;1;2.05096921;0.40214930000000004;4903.535338787461;True;100.0;Vitrine Internacional;;
05928108000162;3;2.30483731;0.00121268;26.46607625420642;False;33.33333333333333;Independente fora da sala;Produção para TV/VoD;
05930707000110;2;0.11694429999999999;0.16706328;0.0;False;0.0;Independente fora da sala;Baixo retorno / nicho;
05959925000188;1;0.3336675;0.09281856;0.0;False;0.0;Independente fora da sala;Emergentes / micro;
06033375000134;1;0.04956208;0.0;0.0;False;0.0;Independente fora da sala;Emergentes / micro;
06071600000127;1;0.3480485;0.00958216;1384.864465728196;False;100.0;Pequeno Porte de Sala;Produção para TV/VoD;
06076085000178;2;4.2710915;0.011928;140.47931307488963;False;50.0;Pequeno Porte de Sala;Produção para TV/VoD;
06096915000129;2;8.556867140000001;0.1075146;161.2739776628108;False;100.0;Aposta de Alto Fomento;Emergentes / micro;
06130502000113;1;3.46016674;0.07691532;4.335051206231755;False;100.0;Pequeno Porte de Sala;Emergentes / micro;
06137016000127;3;3.32565542;0.9890691799999999;6640.495544784973;True;100.0;Vitrine Internacional;Comerciais de sala;
06169280000142;1;0.35274258000000003;0.17877328;0.0;False;0.0;Independente fora da sala;Emergentes / micro;
06228927000160;2;0.29804976;1.05175908;67911.47894230815;True;100.0;Vitrine Internacional;Comerciais de sala;
06236625000133;1;1.6190659299999999;0.07777015999999999;35.82312426276551;False;100.0;Pequeno Porte de Sala;Produção para TV/VoD;
06288843000111;1;0.52319064;0.02133124;2050.8776686066094;False;100.0;Pequeno Porte de Sala;Emergentes / micro;
06323379000157;1;3.1241341400000002;0.46334904000000005;2229.737805048281;True;100.0;Vitrine Internacional;Emergentes / micro;
06768153000160;2;0.14091124;0.0;0.0;False;0.0;Independente fora da sala;Emergentes / micro;
06900652000169;1;0.1305261;0.21934620000000002;0.0;False;0.0;Independente fora da sala;Baixo retorno / nicho;
06905794000119;1;0.20921891;0.10677360000000001;0.0;False;0.0;Independente fora da sala;Produção para TV/VoD;
06945371000122;1;4.00967049;0.14838391999999997;900.3233579924419;False;100.0;Pequeno Porte de Sala;Emergentes / micro;
06975561000192;1;1.7402425;0.0026838;77.57539538311471;False;100.0;Pequeno Porte de Sala;Emergentes / micro;
06992833000162;2;2.40870067;1.1568536;3658.403931111955;True;100.0;Vitrine Internacional;Produção para TV/VoD;
07060648000100;2;6.1180605;2.56151994;18618.15521438534;True;100.0;Duplo Motor;Produção para TV/VoD;
07077834000144;1;0.093277;0.01208704;6518.21992559795;False;100.0;Pequeno Porte de Sala;Emergentes / micro;
07088828000192;1;2.22954492;0.00610316;137.69626135184575;False;100.0;Pequeno Porte de Sala;Emergentes / micro;
07202193000102;2;1.8679377;0.3013666;2414.9627688332434;True;50.0;Vitrine Internacional;Comerciais de sala;
07206747000140;1;1.5311813600000002;0.00270368;88.82030800061463;False;100.0;Pequeno Porte de Sala;Emergentes / micro;
07276440000115;1;5.2045385;10.366902280000001;99261.82696121855;False;100.0;Campeã Doméstica;Emergentes / micro;
07372049000114;1;1.88710991;0.20283732;426.04831639085614;False;100.0;Pequeno Porte de Sala;Emergentes / micro;
07419227000115;2;0.11734538;0.43290519999999993;53934.803398310185;False;100.0;Pequeno Porte de Sala;Campeãs de público;
07427355000100;1;0.06740536999999999;0.13922784;0.0;False;0.0;Independente fora da sala;Emergentes / micro;
07467108000138;1;0.40924695;0.11137552;0.0;False;0.0;Independente fora da sala;Baixo retorno / nicho;
07477471000134;1;3.7103359399999998;0.14697169000000002;765.698860141489;False;100.0;Pequeno Porte de Sala;Emergentes / micro;
07490019000102;1;1.5011601399999999;0.22329566;3672.492929368615;False;100.0;Pequeno Porte de Sala;;
07521590000147;2;0.78960587;0.18844419999999998;101.31636939325185;False;50.0;Pequeno Porte de Sala;Produção para TV/VoD;
07525577000166;2;2.51946286;0.09727390000000001;628.3085276359263;True;100.0;Vitrine Internacional;Comerciais de sala;
07530292000113;1;0.69134015;0.0808754;57.85863876125233;False;100.0;Pequeno Porte de Sala;Emergentes / micro;
07543070000135;1;2.4412940699999996;0.25321512;3567.3703168418383;True;100.0;Vitrine Internacional;Emergentes / micro;
07567854000101;2;1.5194200999999998;0.08230279999999998;188.22970684671083;False;50.0;Pequeno Porte de Sala;Produção para TV/VoD;
07617370000111;3;3.29303565;0.43795448;1213.7736802211662;True;100.0;Vitrine Internacional;Comerciais de sala;
07620843000130;1;0.29317061;0.0;0.0;False;0.0;Independente fora da sala;Emergentes / micro;
07630900000161;1;3.8385585;0.1222233;739.3400413201987;False;100.0;Pequeno Porte de Sala;;
07718282000106;3;4.5154241;0.30399948;166.98320762384202;False;33.33333333333333;Independente fora da sala;Produção para TV/VoD;
07822394000102;1;0.52415;0.0;0.0;False;0.0;Independente fora da sala;Emergentes / micro;
07837630000164;1;1.276952;0.062898;0.0;False;0.0;Independente fora da sala;Emergentes / micro;
07871687000180;1;0.16915157;0.0;0.0;False;0.0;Independente fora da sala;Emergentes / micro;
07947109000180;1;0.42634984000000004;0.0;0.0;False;0.0;Independente fora da sala;Emergentes / micro;
07949950000106;1;4.28327424;11.43741936;131786.33175726802;True;100.0;Duplo Motor;;
07978267000105;1;0.667335;0.49280492;31371.050521851845;False;100.0;Pequeno Porte de Sala;Emergentes / micro;
08016733000126;1;1.25609309;0.010615920000000001;425.1277267992932;False;100.0;Pequeno Porte de Sala;Emergentes / micro;
08035343000101;1;1.276952;0.062898;0.0;False;0.0;Independente fora da sala;Baixo retorno / nicho;
08103899000180;1;0.25059492;0.01453228;2917.058334622266;False;100.0;Pequeno Porte de Sala;Emergentes / micro;
08112710000115;2;1.01862695;0.09486695999999999;901.2131477573806;False;50.0;Pequeno Porte de Sala;Comerciais de sala;
08233638000184;1;0.7661711999999999;0.031847759999999996;0.0;False;100.0;Pequeno Porte de Sala;Emergentes / micro;
08254467000170;4;5.3412175600000005;0.45587298;1837.970442080251;False;100.0;Aposta de Alto Fomento;Campeãs de público;
08267476000103;5;4.8239483399999985;0.60398418;2745.468870423269;True;80.0;Vitrine Internacional;Comerciais de sala;
08287614000108;2;1.75037721;0.11241952000000002;162.2507413701987;False;100.0;Pequeno Porte de Sala;Campeãs de público;
08296780000170;1;0.696097;0.91547078;51541.66732509981;True;100.0;Vitrine Internacional;Comerciais de sala;
08378645000174;1;0.08029859;0.0;0.0;False;0.0;Independente fora da sala;Emergentes / micro;
08394172000107;1;1.487011;0.02805068;948.8833640100846;False;100.0;Pequeno Porte de Sala;Baixo retorno / nicho;
08408195000115;1;2.1666015;0.21029231999999998;544.1702131194869;False;100.0;Pequeno Porte de Sala;Emergentes / micro;
08410008000138;1;0.27430395;0.0;0.0;False;0.0;Independente fora da sala;Emergentes / micro;
08427088000134;1;2.5059492000000003;8.31879832;163394.37367684866;True;100.0;Duplo Motor;;
08429784000180;2;2.6493716800000002;0.8922320600000001;11532.92315708606;True;100.0;Vitrine Internacional;Comerciais de sala;
08465974000152;1;1.17873652;0.00524832;223.96862701768163;False;100.0;Pequeno Porte de Sala;;
08517383000181;2;6.5313045700000005;2.5907638399999997;18188.09683836257;False;100.0;Campeã Doméstica;Emergentes / micro;
08573621000176;2;2.26835791;0.33361579999999996;0.0;False;0.0;Independente fora da sala;Baixo retorno / nicho;
08578658000197;1;0.24339032;0.10215616000000001;0.0;False;0.0;Independente fora da sala;Baixo retorno / nicho;
08587501000128;1;2.2305165;15.230208639999999;332630.58130258176;True;100.0;Duplo Motor;Emergentes / micro;
08681701000145;2;1.604903;0.17423148;549.5659239218819;False;50.0;Pequeno Porte de Sala;Produção para TV/VoD;
08821187000104;1;3.498376;8.168454279999999;109156.07699115247;True;100.0;Duplo Motor;;
08847593000138;1;0.05666486;0.09665244;11647.430171008982;False;100.0;Pequeno Porte de Sala;Emergentes / micro;
08991631000121;1;2.002005;0.06651616;90.90886386397636;False;100.0;Pequeno Porte de Sala;Produção para TV/VoD;
09028371000156;1;3.161088;0.10731036000000001;8.541362973760933;False;100.0;Pequeno Porte de Sala;Emergentes / micro;
09065789000133;2;4.696847849999999;0.12321212;424.96586300959274;True;100.0;Vitrine Internacional;Comerciais de sala;
09085894000134;1;1.2529746000000002;0.0;0.0;False;0.0;Independente fora da sala;Emergentes / micro;
09095244000170;1;3.7809421800000003;3.00637288;39996.90891861245;False;100.0;Campeã Doméstica;Emergentes / micro;
09107296000119;3;6.57468899;0.8205380400000001;1176.6336037744654;False;100.0;Aposta de Alto Fomento;Comerciais de sala;
09124563000166;2;1.94854951;0.4999059;639.9632103779595;True;100.0;Vitrine Internacional;Prestígio internacional;
09137251000197;1;2.8852011099999997;0.10677360000000001;0.0;False;0.0;Independente fora da sala;Emergentes / micro;
09180984000104;3;12.649668949999999;16.03229866;60816.848491517245;True;100.0;Duplo Motor;Campeãs de público;
09193884000112;1;0.30163542;0.06580386;0.0;False;0.0;Independente fora da sala;Emergentes / micro;
09207344000140;1;1.09464038;0.0776921;546.2981367451473;False;100.0;Pequeno Porte de Sala;Produção para TV/VoD;
09260004000183;1;0.5568776;0.31505404;1944.7720648128063;False;100.0;Pequeno Porte de Sala;Produção para TV/VoD;
09261668000167;1;2.56456952;0.14473354000000002;1138.982576693807;True;100.0;Vitrine Internacional;Produção para TV/VoD;
09287514000144;1;0.790272;0.36720166000000004;10121.831470683512;True;100.0;Vitrine Internacional;;
09291317000107;1;2.3847060499999997;0.082764;56.61075083027529;True;100.0;Vitrine Internacional;Emergentes / micro;
09325623000109;1;2.20213339;1.08747682;23337.36922267002;False;100.0;Pequeno Porte de Sala;Produção para TV/VoD;
09355997000177;1;0.19033741;0.0;0.0;False;0.0;Independente fora da sala;Emergentes / micro;
09369796000129;2;3.3021504299999997;0.18582509999999997;343.41258038931926;False;100.0;Pequeno Porte de Sala;Campeãs de público;
09397798000121;1;0.47334596;0.27346746;6937.843094720825;True;100.0;Vitrine Internacional;Prestígio internacional;
09409976000197;2;2.6156162099999998;0.42759401999999996;4900.948369638679;True;100.0;Vitrine Internacional;Emergentes / micro;
09437566000150;8;13.449292400000001;0.96509618;1359.253666014429;True;87.5;Vitrine Internacional;Comerciais de sala;
09491939000170;1;0.5483655;0.34724227999999996;3683.674483533337;False;100.0;Pequeno Porte de Sala;;
09505106000111;1;0.3480485;0.0;0.0;False;0.0;Independente fora da sala;Emergentes / micro;
09506070000190;1;4.176582;43.10357912;516879.35254234204;True;100.0;Duplo Motor;Emergentes / micro;
09551826000113;1;6.202224269999999;0.17135976;825.1878321710544;True;100.0;Vitrine Internacional;Emergentes / micro;
09558964000124;3;6.84790676;4.91134022;31858.78658195983;False;100.0;Campeã Doméstica;Campeãs de público;
09942024000134;1;0.48835197999999996;0.0;0.0;False;0.0;Independente fora da sala;Baixo retorno / nicho;
10306335000196;1;0.16610539000000002;0.07661712;0.0;False;0.0;Independente fora da sala;Emergentes / micro;
10387192000194;1;1.3993503999999999;0.35361564;5893.448845978821;False;100.0;Pequeno Porte de Sala;;
10407637000150;2;1.71371628;0.09812728;631.3763909624527;False;100.0;Pequeno Porte de Sala;Produção para TV/VoD;
10433648000105;1;3.30243757;0.0;0.0;False;0.0;Independente fora da sala;Produção para TV/VoD;
10441993000190;1;2.1666015;0.16335356;2013.7528751826305;True;100.0;Vitrine Internacional;Emergentes / micro;
10468552000182;1;0.64131404;0.2487765;3184.087471404805;True;100.0;Vitrine Internacional;Prestígio internacional;
10473332000147;1;1.7402425;0.07715388;15.515079076622943;False;100.0;Pequeno Porte de Sala;Emergentes / micro;
10505568000118;3;4.67167963;0.1588822;171.24461935759922;False;66.66666666666666;Pequeno Porte de Sala;Produção para TV/VoD;
10519798000136;1;0.290058;0.01057616;1834.115935433603;False;100.0;Pequeno Porte de Sala;Comerciais de sala;
10551469000172;1;0.11602319999999999;0.0;0.0;False;0.0;Independente fora da sala;Emergentes / micro;
10615584000163;1;0.2335515;0.0;0.0;False;0.0;Independente fora da sala;Emergentes / micro;
10645895000175;4;15.35072132;31.71401321;98793.20771878882;True;100.0;Duplo Motor;Comerciais de sala;
10679333000142;1;0.062284599999999996;0.0;0.0;False;0.0;Independente fora da sala;Emergentes / micro;
10696683000117;1;0.06740586;0.16016039999999998;0.0;False;0.0;Independente fora da sala;Emergentes / micro;
10773468000172;2;0.78960587;0.0029422399999999996;187.4352833775159;False;50.0;Pequeno Porte de Sala;Produção para TV/VoD;
10823162000183;1;0.04956654;0.0;0.0;False;0.0;Independente fora da sala;Emergentes / micro;
10831015000155;1;1.86291041;0.08477188000000001;126.6834941353943;False;100.0;Pequeno Porte de Sala;Emergentes / micro;
11101993000104;2;0.37526407;0.778754;26935.698906639263;True;100.0;Vitrine Internacional;Prestígio internacional;
11140814000148;1;2.888802;0.09326064;229.50690286146298;False;100.0;Pequeno Porte de Sala;;
11223363000102;1;0.34292391;0.0;0.0;False;0.0;Independente fora da sala;Produção para TV/VoD;
11274042000137;2;0.06210924;0.0;0.0;False;0.0;Independente fora da sala;Emergentes / micro;
11280934000140;1;1.8830943100000002;0.32142768;4665.724894044207;False;100.0;Pequeno Porte de Sala;Produção para TV/VoD;
11360555000160;1;2.2022055;0.18778648;4289.336303991612;False;100.0;Pequeno Porte de Sala;Emergentes / micro;
11384969000120;2;0.91281284;0.6352626399999999;2516.3975563709205;False;100.0;Pequeno Porte de Sala;Comerciais de sala;
11422855000127;1;2.370816;0.5545477600000001;1132.0996652629306;True;100.0;Vitrine Internacional;Emergentes / micro;
11503567000105;1;1.1555208000000001;0.954184;33052.62873675662;False;100.0;Pequeno Porte de Sala;Emergentes / micro;
11545487000104;3;2.31076095;0.80876152;7101.123982556482;True;100.0;Vitrine Internacional;Prestígio internacional;
11757060000170;1;0.14444010000000002;0.0;0.0;False;0.0;Independente fora da sala;Emergentes / micro;
11862908000120;2;0.9592821;0.41308008;453.464106126863;False;50.0;Pequeno Porte de Sala;Produção para TV/VoD;
11907529000100;1;1.1896088;0.24383533999999998;6645.8822429692855;True;100.0;Vitrine Internacional;Emergentes / micro;
11966450000150;1;1.0409077;0.001491;72.05249802648208;True;100.0;Vitrine Internacional;Emergentes / micro;
12064131000111;1;0.2636754;0.0;0.0;False;0.0;Independente fora da sala;Emergentes / micro;
12091067000168;1;1.37549585;0.07116456;56.70682321578796;False;100.0;Pequeno Porte de Sala;Produção para TV/VoD;
12106102000175;1;3.23627677;0.33279708;0.0;False;100.0;Pequeno Porte de Sala;Emergentes / micro;
12126484000107;1;0.50554035;0.10490264;2126.4375830732406;True;100.0;Vitrine Internacional;Comerciais de sala;
12325821000187;1;0.22305165;0.0;0.0;False;0.0;Independente fora da sala;Emergentes / micro;
12345593000107;3;0.83266593;0.10677360000000001;0.0;False;0.0;Independente fora da sala;Baixo retorno / nicho;
12375637000141;1;4.242144980000001;0.34125826000000004;1577.9753005989905;False;100.0;Pequeno Porte de Sala;;
12380610000147;2;4.19565198;0.45811795999999994;2237.077823599659;False;100.0;Pequeno Porte de Sala;Emergentes / micro;
12444492000193;2;0.28406552;0.0;0.0;False;0.0;Independente fora da sala;Baixo retorno / nicho;
12475126000100;1;0.75008628;0.0018289600000000001;122.652556716542;False;100.0;Pequeno Porte de Sala;Emergentes / micro;
12573633000178;1;0.13652478;0.00101388;373.5585583803907;False;100.0;Pequeno Porte de Sala;Emergentes / micro;
12580503000162;3;11.36258;5.55589568;22024.047355442162;True;100.0;Duplo Motor;Campeãs de público;
12580503000243;1;1.926408;9.074859759999999;224956.49935008577;True;100.0;Duplo Motor;;
12638556000197;1;0.45892895;0.01027796;1126.5360356979006;False;100.0;Pequeno Porte de Sala;Emergentes / micro;
12658679000190;3;2.10858503;0.08174424000000001;449.5905958319357;True;33.33333333333333;Vitrine Internacional;Comerciais de sala;
12667775000102;1;0.2370816;0.08922066000000001;0.0;False;0.0;Independente fora da sala;Produção para TV/VoD;
12751837000151;1;0.95168704;0.10376948;1069.6793769514818;False;100.0;Pequeno Porte de Sala;Emergentes / micro;
12827703000177;1;1.8098522;0.00512904;142.5530769860655;False;100.0;Pequeno Porte de Sala;Emergentes / micro;
12837401000180;2;0.9624410999999999;0.16415232000000002;389.63423320138764;False;50.0;Pequeno Porte de Sala;Produção para TV/VoD;
12906549000129;1;0.41765820000000003;0.0;0.0;False;0.0;Independente fora da sala;Baixo retorno / nicho;
12935850000160;1;0.32643463;0.08008019999999999;0.0;False;0.0;Independente fora da sala;Produção para TV/VoD;
13029754000116;1;4.4550208;0.19655524;109.53933144374994;False;100.0;Pequeno Porte de Sala;Emergentes / micro;
13044728000167;1;3.24990225;0.12174472;698.4825466673652;True;100.0;Vitrine Internacional;Produção para TV/VoD;
13124984000164;3;0.76553252;0.28943816000000006;1478.7092258340638;False;66.66666666666666;Pequeno Porte de Sala;Campeãs de público;
13188290000190;1;1.2558136899999999;0.31688552000000003;392.57415644194805;False;100.0;Pequeno Porte de Sala;Emergentes / micro;
13202884000109;1;0.48761595;0.11872442;5459.2143673725195;False;100.0;Pequeno Porte de Sala;Emergentes / micro;
13207081000147;1;2.21680993;0.16290960000000002;10.82636796019765;False;100.0;Pequeno Porte de Sala;Produção para TV/VoD;
13254763000100;1;0.37081593;0.01079484;1464.3383848153449;False;100.0;Pequeno Porte de Sala;Emergentes / micro;
13359654000158;1;2.06185428;0.10195868;789.0955320082077;False;100.0;Pequeno Porte de Sala;Campeãs de público;
13384449000142;1;0.9139498100000001;0.07434888;630.2315441150974;False;100.0;Pequeno Porte de Sala;Produção para TV/VoD;
13393029000122;1;0.6959746;0.0;0.0;False;0.0;Independente fora da sala;Baixo retorno / nicho;
13486716000192;1;0.76228813;0.18758935999999998;48.53807706542669;True;100.0;Vitrine Internacional;Emergentes / micro;
13516637000187;1;0.133467;0.24833684000000003;62112.73198618385;True;100.0;Vitrine Internacional;Emergentes / micro;
13601904000114;1;0.400401;0.0;0.0;False;0.0;Independente fora da sala;Emergentes / micro;
13622499000110;1;0.5829083100000001;0.09905792;1339.8333607561708;False;100.0;Pequeno Porte de Sala;Emergentes / micro;
13631016000144;2;4.11859894;0.022325240000000003;272.6655390242974;False;100.0;Pequeno Porte de Sala;Campeãs de público;
13650111000195;2;0.75659561;0.0;0.0;False;0.0;Independente fora da sala;Baixo retorno / nicho;
13650474000120;3;5.44579128;0.86980398;3907.788401321176;False;100.0;Aposta de Alto Fomento;Campeãs de público;
13667540000175;1;0.0667335;0.07661712;0.0;False;0.0;Independente fora da sala;Emergentes / micro;
13827942000190;1;0.71001894;0.0794202;198.58625179773372;False;100.0;Pequeno Porte de Sala;Produção para TV/VoD;
13924232000188;1;2.936274;0.08101206;260.53426894084134;True;100.0;Vitrine Internacional;;
13931232000105;1;2.2305165;0.0;0.0;False;0.0;Independente fora da sala;Baixo retorno / nicho;
14026079000134;1;0.18947607;0.0036976799999999996;981.6543060028636;False;100.0;Pequeno Porte de Sala;;
14210788000175;1;1.2529746000000002;0.3956302;3554.740854283877;True;100.0;Vitrine Internacional;Comerciais de sala;
14372650000172;1;1.29474042;0.02021796;785.4856342555522;False;100.0;Pequeno Porte de Sala;Produção para TV/VoD;
14440714000125;2;3.01110951;0.25036460000000005;2787.012552060918;True;100.0;Vitrine Internacional;Prestígio internacional;
14520885000164;1;3.090496;0.19162688;1815.566174491085;False;100.0;Pequeno Porte de Sala;Emergentes / micro;
14595634000149;1;0.57097172;0.18056592;8548.584507828164;False;100.0;Pequeno Porte de Sala;Emergentes / micro;
14622284000162;1;0.044610330000000004;0.0;0.0;False;0.0;Independente fora da sala;;
14635446000105;1;0.44693320000000003;0.0;0.0;False;0.0;Independente fora da sala;Baixo retorno / nicho;
14676949000110;1;1.08048324;0.0;0.0;False;0.0;Independente fora da sala;Emergentes / micro;
14798449000151;3;4.82958725;1.48000226;7573.525046058542;True;100.0;Vitrine Internacional;Prestígio internacional;
14949815000126;2;0.55936838;0.1868538;0.0;False;0.0;Independente fora da sala;Baixo retorno / nicho;
14989694000146;1;0.3336675;0.06961392;0.0;False;0.0;Independente fora da sala;Baixo retorno / nicho;
15089868000187;1;0.3480485;0.01200752;1735.390326348196;True;100.0;Vitrine Internacional;Prestígio internacional;
15096101000185;1;0.26552909;0.08238627999999999;436.8636219858246;False;100.0;Pequeno Porte de Sala;;
15128758000187;1;0.36341305;0.08279788;2754.4415369783774;False;100.0;Pequeno Porte de Sala;Produção para TV/VoD;
15288201000103;1;0.2370816;0.11896088;0.0;False;0.0;Independente fora da sala;Emergentes / micro;
15318729000188;1;3.5383991800000003;0.9829304799999999;11202.523509515395;True;100.0;Vitrine Internacional;;
15472728000193;1;0.29686344;0.11204328;6002.760056947397;False;100.0;Pequeno Porte de Sala;Emergentes / micro;
15479865000150;1;4.333203;2.2499475299999996;19998.370720227045;False;100.0;Pequeno Porte de Sala;Baixo retorno / nicho;
15592350000161;1;1.41679239;0.08448588;33.87934628869654;False;100.0;Pequeno Porte de Sala;;
15667476000158;1;0.04956703;0.0;0.0;False;0.0;Independente fora da sala;Emergentes / micro;
15743170000133;1;0.98652588;0.15339328;8.109265212586212;False;100.0;Pequeno Porte de Sala;Emergentes / micro;
15745495000155;4;4.697771680000001;0.24849918;812.9386143347008;True;100.0;Vitrine Internacional;Comerciais de sala;
15830015000154;1;1.7402425;0.00544712;157.4493209998032;False;100.0;Pequeno Porte de Sala;Emergentes / micro;
15864034000100;1;2.85153573;0.0958754;463.2591435212351;False;100.0;Pequeno Porte de Sala;Produção para TV/VoD;
16100516000148;1;0.20257676000000002;0.10677360000000001;0.0;False;0.0;Independente fora da sala;Emergentes / micro;
16487027000190;3;5.780080449999999;0.21761188;161.24343044394826;False;66.66666666666666;Aposta de Alto Fomento;Baixo retorno / nicho;
16701009000160;1;0.24685114000000002;0.0;0.0;False;0.0;Independente fora da sala;Emergentes / micro;
16820127000197;1;0.25003721;0.08666406;0.0;False;0.0;Independente fora da sala;Emergentes / micro;
16894643000166;3;2.96001748;0.12582766;665.5366102770447;False;33.33333333333333;Independente fora da sala;Produção para TV/VoD;
16957757000108;1;1.48336782;0.18721772;2571.85031828451;True;100.0;Vitrine Internacional;Emergentes / micro;
17192316000125;1;0.266934;0.11194016;5353.383233308608;True;100.0;Vitrine Internacional;Comerciais de sala;
17219542000152;2;1.48407876;0.07661712;0.0;False;0.0;Independente fora da sala;Baixo retorno / nicho;
17220694000175;3;0.14586142;0.08353164;0.0;False;0.0;Independente fora da sala;Baixo retorno / nicho;
17281724000153;3;0.9601667199999999;0.35153840000000003;58.32320453681211;False;33.33333333333333;Independente fora da sala;Produção para TV/VoD;
17305816000126;1;0.12364072999999999;0.0;0.0;False;0.0;Independente fora da sala;Emergentes / micro;
17456554000109;5;7.70002124;3.86139326;16160.215163250641;True;100.0;Duplo Motor;Comerciais de sala;
17623726000183;1;0.44182539000000004;0.32486496000000004;0.0;False;0.0;Independente fora da sala;Emergentes / micro;
17698485000131;1;1.7402425;0.0;0.0;False;0.0;Independente fora da sala;Emergentes / micro;
17730742000175;1;0.29451864;0.0;0.0;False;0.0;Independente fora da sala;Emergentes / micro;
17822593000174;1;0.20882910000000002;0.01860768;4482.133955468849;False;100.0;Pequeno Porte de Sala;Emergentes / micro;
17902521000137;2;0.5661665899999999;0.1493355;0.0;False;0.0;Independente fora da sala;Baixo retorno / nicho;
17942221000181;2;2.61245204;0.21744291999999998;1103.1781467651365;True;100.0;Vitrine Internacional;Campeãs de público;
18274744000160;5;4.111612200000001;0.43716385999999996;914.7263450575421;False;20.0;Independente fora da sala;Baixo retorno / nicho;
18580137000128;1;0.2402406;0.0;0.0;False;0.0;Independente fora da sala;Emergentes / micro;
18589962000193;1;0.91928501;0.0022862;125.09722093695405;False;100.0;Pequeno Porte de Sala;Emergentes / micro;
18595380000110;1;0.2002005;0.083864;0.0;False;0.0;Independente fora da sala;Baixo retorno / nicho;
18641448000150;1;0.5568776;0.0;0.0;False;0.0;Independente fora da sala;Emergentes / micro;
18800502000162;1;0.31435740999999995;0.0;0.0;False;0.0;Independente fora da sala;Emergentes / micro;
18935572000128;1;0.16526137;0.0;0.0;False;0.0;Independente fora da sala;Emergentes / micro;
19069618000136;1;0.9692261600000001;0.44737952000000003;23218.52311538929;False;100.0;Pequeno Porte de Sala;Comerciais de sala;
19099086000180;1;0.95709857;0.14303472;1905.7598215824312;False;100.0;Pequeno Porte de Sala;Produção para TV/VoD;
19152930000199;1;2.66934;0.05401396;1017.8546007627353;False;100.0;Pequeno Porte de Sala;Produção para TV/VoD;
19223689000141;1;0.36213361;0.09281856;0.0;False;0.0;Independente fora da sala;Baixo retorno / nicho;
19265893000125;1;0.56453953;0.00264404;235.5902340443724;False;100.0;Pequeno Porte de Sala;Produção para TV/VoD;
19388280000185;1;0.76392887;0.16748076;27.48947032202095;False;100.0;Pequeno Porte de Sala;Baixo retorno / nicho;
19452266000101;1;0.48529669;0.09749112;2163.624895113132;False;100.0;Pequeno Porte de Sala;Produção para TV/VoD;
19457687000117;3;4.558841950000001;0.15011512;78.7480689037706;True;66.66666666666666;Vitrine Internacional;Prestígio internacional;
19478327000100;1;1.0483;0.027513919999999997;1320.2327577983401;False;100.0;Pequeno Porte de Sala;;
19709434000193;4;2.93650123;0.28725074;2421.589314301087;True;50.0;Vitrine Internacional;Produção para TV/VoD;
19716946000187;1;1.8755811599999999;0.0028229600000000002;75.70986690866526;False;100.0;Pequeno Porte de Sala;Produção para TV/VoD;
19780327000151;1;1.2529746000000002;0.0;0.0;False;0.0;Independente fora da sala;Emergentes / micro;
20119267000100;1;0.23204639999999999;0.0;0.0;False;0.0;Independente fora da sala;Emergentes / micro;
20232042000165;1;2.088291;0.0814718;33.5202325729508;False;100.0;Pequeno Porte de Sala;Emergentes / micro;
20357494000173;1;0.4404411;0.00015904;18.16360916363164;False;100.0;Pequeno Porte de Sala;Produção para TV/VoD;
20386333000108;1;1.444401;0.00157052;54.693952718116364;False;100.0;Pequeno Porte de Sala;Emergentes / micro;
20519742000135;1;3.0030075;0.31453904000000005;4215.107687876238;True;100.0;Vitrine Internacional;Emergentes / micro;
20786426000120;1;0.12761858;0.0;0.0;False;0.0;Independente fora da sala;Emergentes / micro;
21054261000164;1;0.10483;0.13012984;2079.557378612992;False;100.0;Pequeno Porte de Sala;Emergentes / micro;
21277034000106;1;0.52207275;0.062898;0.0;False;0.0;Independente fora da sala;Emergentes / micro;
21384949000102;1;3.1153199799999998;0.08783089999999999;355.6616999580249;False;100.0;Pequeno Porte de Sala;Emergentes / micro;
21557420000143;1;0.04956208;0.08353164;0.0;False;0.0;Independente fora da sala;Emergentes / micro;
21624748000135;1;0.048146699999999994;0.0;0.0;False;0.0;Independente fora da sala;Emergentes / micro;
21805885000176;1;1.42911924;0.12865062;1477.833298220798;False;100.0;Pequeno Porte de Sala;Emergentes / micro;
21868012000102;2;0.49626236;0.08270436;265.98833729803727;False;50.0;Pequeno Porte de Sala;Emergentes / micro;
21988610000115;1;0.22868664000000002;0.062898;0.0;False;0.0;Independente fora da sala;Emergentes / micro;
22000363000160;1;0.052415;0.0;0.0;False;0.0;Independente fora da sala;Baixo retorno / nicho;
22071805000169;1;1.80550125;0.08029887999999999;6.092490935688912;False;100.0;Pequeno Porte de Sala;Produção para TV/VoD;
22318373000148;1;0.13921926;0.0;0.0;False;0.0;Independente fora da sala;Emergentes / micro;
22327940000122;1;1.1817332600000001;0.13196556;15.231863745630717;False;100.0;Pequeno Porte de Sala;Campeãs de público;
22331409000123;1;2.2022055;0.07661712;0.0;False;0.0;Independente fora da sala;Emergentes / micro;
22534164000131;1;0.054836550000000005;0.0;0.0;False;0.0;Independente fora da sala;Baixo retorno / nicho;
22543352000126;1;0.10483;0.00658028;3157.493084040828;True;100.0;Vitrine Internacional;Comerciais de sala;
22734795000102;1;2.94657804;0.19737032;179.530286596448;True;100.0;Vitrine Internacional;Emergentes / micro;
22910094000179;1;1.00525317;0.0015904;79.58194252697557;False;100.0;Pequeno Porte de Sala;;
22971615000106;1;1.8098522;0.07665144;195.59608237622942;False;100.0;Pequeno Porte de Sala;Produção para TV/VoD;
23064648000127;1;1.6706328000000001;0.00594412;178.97409891629087;False;100.0;Pequeno Porte de Sala;Emergentes / micro;
23148018000130;1;1.27804801;0.09019324000000001;1074.294540781766;False;100.0;Pequeno Porte de Sala;Produção para TV/VoD;
23318838000123;1;0.44012704999999996;0.0;0.0;False;0.0;Independente fora da sala;Emergentes / micro;
23624812000103;1;0.10872772;0.0;0.0;False;0.0;Independente fora da sala;;
23707667000124;1;0.28913372;0.37706164000000003;54656.37145331925;False;100.0;Pequeno Porte de Sala;;
23723437000159;1;4.333203;0.40541235999999997;1473.967409327465;False;100.0;Pequeno Porte de Sala;;
23747020000126;1;0.99653376;0.0;0.0;False;0.0;Independente fora da sala;Baixo retorno / nicho;
24304911000170;1;1.7402425;0.0800166;98.26216748527864;True;100.0;Vitrine Internacional;Emergentes / micro;
25094170000103;3;0.51467308;0.17332812;0.0;False;0.0;Independente fora da sala;Baixo retorno / nicho;
25301822000133;1;0.3480696;0.062898;0.0;False;0.0;Independente fora da sala;Emergentes / micro;
25425945000186;1;0.5346349100000001;0.0;0.0;False;0.0;Independente fora da sala;Emergentes / micro;
26324984000150;1;0.054836550000000005;0.0;0.0;False;0.0;Independente fora da sala;Baixo retorno / nicho;
27527464000107;2;2.48395032;0.3947988;154.59246382995292;True;100.0;Vitrine Internacional;Comerciais de sala;
27651181000172;1;1.43736414;0.0;0.0;False;0.0;Independente fora da sala;Baixo retorno / nicho;
27872415000101;2;6.228252940000001;4.635326160000001;34388.776766667404;False;100.0;Campeã Doméstica;Emergentes / micro;
27920016000179;3;5.557297650000001;2.80359828;20073.245491898386;False;100.0;Campeã Doméstica;;
29185956000197;1;0.7222005;0.1017331;1049.570029375499;False;100.0;Pequeno Porte de Sala;;
29269719000104;3;5.69531;2.1192271799999998;2359.3096776119296;True;100.0;Vitrine Internacional;Emergentes / micro;
30510135000168;1;3.0030075;0.01194788;200.13270030128132;True;100.0;Vitrine Internacional;Emergentes / micro;
31179864000146;2;2.94769934;1.1821780100000001;6493.199540493163;True;100.0;Vitrine Internacional;Emergentes / micro;
32267676000132;1;3.161088;4.51268913;63420.25277372854;False;100.0;Campeã Doméstica;;
37981206000150;2;3.72242711;0.16133331999999997;15.849873820632045;False;100.0;Pequeno Porte de Sala;Baixo retorno / nicho;
39183983000184;1;0.9049261;0.35638456;3494.2079800770475;False;100.0;Pequeno Porte de Sala;Emergentes / micro;
39527494000100;1;1.91884484;1.1417051800000002;24628.359216371035;False;100.0;Pequeno Porte de Sala;;
40426918000111;1;0.9708161700000001;0.09766632;732.3734626299024;False;100.0;Pequeno Porte de Sala;Emergentes / micro;
42473256000166;3;9.796314809999998;17.103395759999998;82575.43940648434;False;100.0;Campeã Doméstica;Campeãs de público;
42488478000152;2;7.429612460000001;17.03750444;112120.38373263952;False;100.0;Campeã Doméstica;Emergentes / micro;
44154342000131;2;3.56853188;0.12444467999999999;576.7077524329137;False;100.0;Pequeno Porte de Sala;Emergentes / micro;
46848701000186;1;3.4201253;0.79517704;7045.940685272554;False;100.0;Pequeno Porte de Sala;;
51264273000184;1;2.088291;0.01874684;451.56541880418007;False;100.0;Pequeno Porte de Sala;Produção para TV/VoD;
52308558000132;1;2.02542926;0.12583628;1050.6414822900306;False;100.0;Pequeno Porte de Sala;;
52858982000150;2;1.6241766800000002;0.35957836000000004;389.1202279791383;True;100.0;Vitrine Internacional;Prestígio internacional;
53976478000118;3;4.71491668;0.8396267999999999;4071.7580612686456;False;100.0;Pequeno Porte de Sala;Campeãs de público;
55084750000180;3;9.80516174;0.5403201999999999;1813.3306182463848;False;66.66666666666666;Aposta de Alto Fomento;Produção para TV/VoD;
56839830000161;1;2.623782;0.58642752;5030.905768848174;False;100.0;Pequeno Porte de Sala;;
58496571000149;1;0.9745358000000001;0.11792232000000001;2493.4948516001155;False;100.0;Pequeno Porte de Sala;;
59190843000140;1;0.5568776;0.18050284;156.22822681321713;False;100.0;Pequeno Porte de Sala;Emergentes / micro;
60636537000174;1;0.28539977;0.11762584;6009.114863687521;False;100.0;Pequeno Porte de Sala;;
63190623000194;2;0.9280276799999999;0.33195988;7428.657731415943;False;50.0;Pequeno Porte de Sala;Produção para TV/VoD;
64047665000133;2;2.11331295;11.409522879999999;247872.42230262203;True;100.0;Duplo Motor;Comerciais de sala;
66669599000169;2;3.8383239;0.3183633;1065.3087406198315;True;100.0;Vitrine Internacional;Prestígio internacional;
66876707000174;5;12.49160143;3.6137631299999997;8962.581829670178;True;100.0;Duplo Motor;Comerciais de sala;
67942250000111;1;6.01260589;0.0105364;88.14813571624266;False;100.0;Aposta de Alto Fomento;Comerciais de sala;
68317445000133;1;0.9483264;0.006381479999999999;338.4910511823777;True;100.0;Vitrine Internacional;Emergentes / micro;
68696756000150;1;0.17263206;0.22407111999999998;8497.842173695894;False;100.0;Pequeno Porte de Sala;;
69126670000155;1;2.26482788;0.10925970000000002;445.0669337397949;False;100.0;Pequeno Porte de Sala;Emergentes / micro;
71733695000169;1;3.86542582;0.11680214;392.1948242173226;False;100.0;Pequeno Porte de Sala;;
72062029000109;4;17.763147030000003;3.3477276600000003;7355.453387811089;False;100.0;Campeã Doméstica;Produção para TV/VoD;
73586513000108;1;5.531904;1.23276244;9437.257045675413;True;100.0;Vitrine Internacional;;
73619637000134;2;9.27509722;2.83984072;10384.042098482716;True;100.0;Duplo Motor;;
73947392000174;3;3.7502640499999997;0.7392730500000001;6116.102678156756;True;100.0;Vitrine Internacional;Comerciais de sala;
74165200000130;1;2.36970962;0.32884096;84.39852643211196;False;100.0;Pequeno Porte de Sala;;
74425067000104;1;1.18303718;0.59723174;16795.752775918674;True;100.0;Vitrine Internacional;Emergentes / micro;
79052494000108;1;0.08029859;0.0;0.0;False;0.0;Independente fora da sala;Emergentes / micro;
79873451000193;1;0.5568776;0.125796;0.0;False;0.0;Independente fora da sala;Emergentes / micro;
80026826000169;1;0.25597407;0.0;0.0;False;0.0;Independente fora da sala;Emergentes / micro;
80816838000197;1;1.16976595;0.02061556;886.5021246344195;False;100.0;Pequeno Porte de Sala;;
81183527000109;1;0.78554973;0.1371195;3230.858471557237;False;100.0;Pequeno Porte de Sala;;
86777331000158;1;1.749188;0.46220188;6928.357615076253;False;100.0;Pequeno Porte de Sala;;
87435368000160;2;4.9308194400000005;0.45156159999999995;629.9155825507169;False;100.0;Pequeno Porte de Sala;Emergentes / micro;
90130634000151;3;4.26059778;0.58329626;4055.299488983914;True;100.0;Vitrine Internacional;Prestígio internacional;
92554294000111;1;0.45942402000000004;0.02170896;2376.889218809238;False;100.0;Pequeno Porte de Sala;Emergentes / micro;
94100302000185;1;0.52045385;0.00753452;728.2105800543122;False;100.0;Pequeno Porte de Sala;Emergentes / micro;
94625829000123;1;2.0943814499999998;0.27413056;172.84339488396444;True;100.0;Vitrine Internacional;Comerciais de sala;
