k_tit,titulo,admissoes_europa,vod_presencas,vod_paises,n_festival_atas,tem_coproducao,tem_ibermedia,cpb,n_apoio_festival,n_canais_intl
central do brasil,Central do Brasil,2218086.0,40.0,9.0,0.0,0.0,0.0,,0,2
cidade de deus,Cidade De Deus,1810560.0,64.0,16.0,0.0,0.0,0.0,,0,2
noah s ark,Noah's Ark,530836.0,0.0,0.0,0.0,0.0,0.0,,0,1
o menino e o mundo,O Menino e o Mundo,533467.0,0.0,0.0,0.0,0.0,0.0,,0,1
que horas ela volta,Que Horas Ela Volta?,457159.0,0.0,0.0,22.0,0.0,0.0,,0,2
aquarius,Aquarius,311538.0,22.0,7.0,28.0,0.0,0.0,,0,3
tropa de elite,Tropa de elite,279171.0,0.0,0.0,0.0,0.0,0.0,,0,1
my penguin friend,My Penguin Friend,246628.0,0.0,0.0,0.0,0.0,0.0,,0,1
eu tu eles,"Eu, Tu, Eles",178155.0,0.0,0.0,0.0,0.0,0.0,,0,1
the violin teacher,The Violin Teacher,163739.0,0.0,0.0,0.0,0.0,0.0,,0,1
bacurau,Bacurau,141139.0,41.0,10.0,0.0,0.0,0.0,,0,2
tieta do agreste,Tieta do agreste,120909.0,0.0,0.0,0.0,0.0,0.0,,0,1
abril despedacado,Abril despedaçado,118985.0,3.0,1.0,0.0,0.0,0.0,,0,2
nada a perder 2,Nada a Perder 2,114975.0,0.0,0.0,0.0,0.0,0.0,,0,1
linha de passe,Linha De Passe,108157.0,0.0,0.0,0.0,0.0,0.0,,0,1
o ano em que meus pais sairam de ferias,O Ano em Que Meus Pais Saíram de Férias,97795.0,0.0,0.0,0.0,0.0,0.0,,0,1
cidade dos homens,Cidade dos homens,97109.0,0.0,0.0,0.0,0.0,0.0,,0,1
estomago uma historia nada infantil sobre poder sexo e gastronomia,"Estômago - Uma História Nada Infantil Sobre Poder, Sexo E Gastronomia",96595.0,0.0,0.0,0.0,0.0,0.0,,0,1
tropa de elite 2 o inimigo agora e outro,Tropa de Elite 2 - O Inimigo Agora É Outro,96518.0,0.0,0.0,0.0,0.0,0.0,,0,1
gabriel e a montanha,Gabriel e a montanha,95487.0,9.0,3.0,0.0,0.0,0.0,,0,2
do lado de fora,Do Lado de Fora,81109.0,0.0,0.0,0.0,0.0,0.0,,0,1
nada a perder,Nada a Perder,80012.0,0.0,0.0,0.0,0.0,0.0,,0,1
carandiru,Carandiru,75106.0,0.0,0.0,0.0,0.0,0.0,,0,1
lino uma aventura de sete vidas,Lino: Uma Aventura de Sete Vidas,73215.0,0.0,0.0,0.0,0.0,0.0,,0,1
perlimps,Perlimps,64001.0,0.0,0.0,0.0,0.0,0.0,,0,1
benzinho,Benzinho,60939.0,22.0,8.0,0.0,1.0,1.0,,0,4
madame sata,Madame Satã,41931.0,4.0,3.0,0.0,0.0,0.0,,0,2
como nossos pais,Como Nossos Pais,36866.0,0.0,0.0,0.0,0.0,0.0,,0,1
um copo de colera,Um Copo de Cólera,36838.0,0.0,0.0,0.0,0.0,0.0,,0,1
hoje eu quero voltar sozinho,Hoje Eu Quero Voltar Sozinho,36402.0,0.0,0.0,0.0,0.0,0.0,,0,1
rio eu te amo,"Rio, Eu Te Amo",35680.0,0.0,0.0,0.0,0.0,0.0,,0,1
cidade baixa,Cidade Baixa,33189.0,0.0,0.0,0.0,0.0,0.0,,0,1
bossa nova,Bossa Nova,33012.0,0.0,0.0,0.0,0.0,0.0,,0,1
o som ao redor,O Som ao Redor,32295.0,0.0,0.0,17.0,0.0,0.0,,0,2
os dez mandamentos o filme,Os Dez Mandamentos: O Filme,32256.0,0.0,0.0,0.0,0.0,0.0,,0,1
flores raras,Flores Raras,30489.0,0.0,0.0,0.0,0.0,0.0,,0,1
o misterio da estrada de sintra,O Mistério Da Estrada De Sintra,29515.0,0.0,0.0,0.0,1.0,1.0,,0,3
as boas maneiras,As Boas Maneiras,29188.0,24.0,8.0,0.0,0.0,0.0,,0,2
pequeno dicionario amoroso,Pequeno Dicionário Amoroso,28799.0,0.0,0.0,0.0,0.0,0.0,,0,1
orfeu,Orfeu,28334.0,0.0,0.0,0.0,0.0,0.0,,0,1
mae so ha uma,Mãe Só Há Uma,28144.0,0.0,0.0,0.0,0.0,0.0,,0,1
tito e os passaros,Tito e os Pássaros,27150.0,0.0,0.0,0.0,0.0,1.0,,0,2
o que e isso companheiro,"O que é isso, companheiro?",26982.0,0.0,0.0,0.0,0.0,0.0,,0,1
o primeiro dia,O primeiro dia,26565.0,1.0,1.0,0.0,0.0,0.0,,0,2
meu pe de laranja lima,Meu Pé de Laranja Lima,26507.0,0.0,0.0,6.0,0.0,0.0,,0,2
three summers,Three Summers,24972.0,20.0,4.0,0.0,0.0,0.0,,0,2
boi neon,Boi Neon,24787.0,22.0,8.0,80.0,0.0,0.0,,0,3
casa grande,Casa Grande,19926.0,0.0,0.0,24.0,0.0,0.0,,0,2
nao pare na pista a melhor historia de paulo coelho,Não Pare na Pista: A Melhor História de Paulo Coelho,19385.0,51.0,10.0,0.0,0.0,0.0,,0,2
saudade do futuro,Saudade do Futuro,18917.0,1.0,1.0,0.0,0.0,0.0,,0,2
the space in between marina abramovic and brazil,The Space in Between: Marina Abramovic and Brazil,18490.0,0.0,0.0,0.0,0.0,0.0,,0,1
o invasor,O invasor,17070.0,0.0,0.0,0.0,0.0,0.0,,0,1
a deriva,À Deriva,16115.0,0.0,0.0,0.0,0.0,0.0,,0,1
ultima parada 174,Última Parada 174,16013.0,0.0,0.0,0.0,0.0,0.0,,0,1
amores possiveis,Amores Possíveis,15863.0,0.0,0.0,0.0,0.0,0.0,,0,1
saravah,Saravah,15697.0,0.0,0.0,0.0,0.0,0.0,,0,1
jamais sans toi,Jamais sans toi,14637.0,0.0,0.0,0.0,0.0,0.0,,0,1
proibido proibir,Proibido Proibir,14286.0,0.0,0.0,0.0,0.0,0.0,,0,1
levante,Levante,13883.0,27.0,9.0,0.0,0.0,0.0,,0,2
terra estrangeira,Terra estrangeira,13230.0,0.0,0.0,0.0,0.0,0.0,,0,1
domesticas,Domésticas,12995.0,0.0,0.0,0.0,0.0,0.0,,0,1
os aventureiros a origem,Os Aventureiros - A Origem,12199.0,0.0,0.0,0.0,0.0,0.0,,0,1
o quatrilho,O quatrilho,11986.0,0.0,0.0,0.0,0.0,0.0,,0,1
boca de ouro,Boca de Ouro,11707.0,0.0,0.0,0.0,0.0,0.0,,0,1
motel destino,Motel Destino,11436.0,31.0,8.0,0.0,0.0,0.0,,0,2
ainda estou aqui,Ainda Estou Aqui,11529.0,85.0,20.0,0.0,0.0,0.0,,0,2
retratos fantasmas,Retratos Fantasmas,11146.0,0.0,0.0,25.0,0.0,0.0,B2300327500000,0,2
o grande circo mistico,O Grande Circo Místico,10256.0,1.0,1.0,0.0,1.0,1.0,,0,4
elis,Elis,9639.0,0.0,0.0,11.0,0.0,0.0,,0,2
uma onda no ar,Uma Onda No Ar,9176.0,0.0,0.0,0.0,0.0,0.0,,0,1
onibus 174,Ônibus 174,9142.0,0.0,0.0,0.0,0.0,0.0,,0,1
viva zapato,Viva Zapato,8808.0,0.0,0.0,0.0,0.0,0.0,,0,1
sai de baixo o filme,Sai de Baixo: O Filme,7768.0,0.0,0.0,0.0,0.0,0.0,,0,1
o diabo a quatro,O Diabo a Quatro,7615.0,0.0,0.0,0.0,0.0,0.0,,0,1
domingo,Domingo,7511.0,10.0,2.0,0.0,0.0,0.0,,0,2
meu nome e bagda,Meu Nome é Bagdá,7317.0,0.0,0.0,0.0,0.0,0.0,,0,1
the territory,The Territory,7210.0,32.0,31.0,0.0,0.0,0.0,,0,2
deserto particular,Deserto Particular,7171.0,30.0,17.0,0.0,0.0,1.0,,0,3
worms,Worms,7085.0,0.0,0.0,0.0,0.0,0.0,,0,1
futuro beach,Futuro Beach,6991.0,26.0,7.0,0.0,0.0,0.0,,0,2
oscar niemeyer a vida e um sopro,Oscar Niemeyer - A Vida É Um Sopro,6849.0,0.0,0.0,0.0,0.0,0.0,,0,1
greta,Greta,6629.0,0.0,0.0,0.0,0.0,0.0,,0,1
o outro lado da rua,O Outro Lado da Rua,6296.0,0.0,0.0,0.0,0.0,0.0,,0,1
cinema aspirinas e urubus,Cinema Aspirinas® e Urubus,6155.0,0.0,0.0,0.0,0.0,0.0,,0,1
medusa,MEDUSA,5980.0,0.0,0.0,23.0,0.0,0.0,B2200442800000,0,2
o vendedor de sonhos,O Vendedor de Sonhos,5727.0,0.0,0.0,0.0,0.0,0.0,,0,1
o homem que copiava,O Homem Que Copiava,5666.0,0.0,0.0,0.0,0.0,0.0,,0,1
favela rising,Favela Rising,5519.0,0.0,0.0,0.0,0.0,0.0,,0,1
tinta bruta,Tinta Bruta,5329.0,0.0,0.0,0.0,0.0,0.0,,0,1
sem coracao,Sem coração,5312.0,18.0,11.0,0.0,0.0,0.0,,0,2
o marinheiro das montanhas,O Marinheiro das Montanhas,5016.0,0.0,0.0,0.0,0.0,0.0,,0,1
aos nossos filhos,Aos Nossos Filhos,4894.0,12.0,3.0,0.0,0.0,0.0,,0,2
elis tom so tinha de ser com voce,"Elis & Tom, só tinha de ser com você",4789.0,0.0,0.0,0.0,0.0,0.0,,0,1
as tres marias,As três Marias,4740.0,0.0,0.0,0.0,0.0,0.0,,0,1
bela donna,Bela donna,4466.0,0.0,0.0,0.0,0.0,0.0,,0,1
o casamento de romeu e julieta,O Casamento de Romeu e Julieta,4305.0,0.0,0.0,0.0,0.0,0.0,,0,1
ventos de agosto,Ventos de Agosto,4185.0,0.0,0.0,0.0,0.0,0.0,,0,1
marighella,Marighella,4129.0,0.0,0.0,0.0,0.0,0.0,,0,1
o pagador de promessas,O Pagador de Promessas,4102.0,0.0,0.0,0.0,0.0,0.0,,0,1
macunaima,Macunaíma,4094.0,0.0,0.0,0.0,0.0,0.0,,0,1
corpo eletrico,Corpo Elétrico,4017.0,0.0,0.0,0.0,0.0,0.0,,0,1
getulio,Getúlio,3762.0,0.0,0.0,0.0,1.0,1.0,,0,3
lavoura arcaica,Lavoura Arcaica,3689.0,0.0,0.0,0.0,0.0,0.0,,0,1
indianara,Indianara,3687.0,0.0,0.0,0.0,0.0,0.0,,0,1
bruna surfistinha,Bruna Surfistinha,3643.0,0.0,0.0,0.0,0.0,0.0,,0,1
bixa travesty,Bixa Travesty,3630.0,0.0,0.0,0.0,0.0,0.0,,0,1
espero tua re volta,Espero tua (Re)volta,3530.0,0.0,0.0,0.0,0.0,0.0,,0,1
o ceu de suely,O Céu De Suely,3400.0,1.0,1.0,0.0,1.0,0.0,,0,3
a febre,A Febre,3357.0,14.0,5.0,0.0,0.0,0.0,,0,2
vento seco,Vento Seco,3022.0,0.0,0.0,0.0,0.0,0.0,,0,1
as aventuras do pequeno colombo,As Aventuras do Pequeno Colombo,2974.0,0.0,0.0,0.0,0.0,0.0,,0,1
beira mar,Beira-Mar,2907.0,0.0,0.0,10.0,0.0,0.0,,0,2
hans staden,Hans Staden,2830.0,0.0,0.0,0.0,0.0,0.0,,0,1
meu nome e gal,Meu Nome é Gal,2825.0,0.0,0.0,3.0,0.0,0.0,B2300212900000,0,2
estou me guardando para quando o carnaval chegar,Estou Me Guardando Para Quando O Carnaval Chegar,2744.0,0.0,0.0,0.0,0.0,0.0,,0,1
quase dois irmaos,Quase Dois Irmãos,2744.0,0.0,0.0,0.0,0.0,0.0,,0,1
uma historia de amor e furia,Uma História de Amor e Fúria,2644.0,0.0,0.0,13.0,0.0,0.0,,0,2
trabalhar cansa,Trabalhar Cansa,2563.0,0.0,0.0,0.0,0.0,0.0,,0,1
as duas irenes,As Duas Irenes,2525.0,0.0,0.0,0.0,0.0,0.0,,0,1
a ilha dos escravos,A Ilha Dos Escravos,2490.0,0.0,0.0,0.0,0.0,0.0,,0,1
vazante,Vazante,2475.0,3.0,1.0,0.0,1.0,0.0,,0,3
regra 34,Regra 34,2463.0,19.0,5.0,25.0,0.0,0.0,B2300001100000,0,3
il etait une fois veronica,Il était une fois Veronica,2441.0,2.0,2.0,0.0,0.0,0.0,,0,2
medida provisoria,Medida Provisória,2379.0,0.0,0.0,0.0,0.0,0.0,,0,1
soy cuba o mamute siberiano,"Soy Cuba, O Mamute Siberiano",2357.0,0.0,0.0,0.0,0.0,0.0,,0,1
temporada,Temporada,2353.0,0.0,0.0,0.0,0.0,0.0,,0,1
a busca,A Busca,2330.0,0.0,0.0,6.0,0.0,0.0,,0,2
no coracao do mundo,No Coração do Mundo,2206.0,0.0,0.0,0.0,0.0,0.0,,0,1
maternal,Maternal,2172.0,0.0,0.0,0.0,0.0,0.0,,0,1
a bela america,A Bela América,2108.0,7.0,3.0,0.0,0.0,1.0,,0,3
a viagem de pedro,A Viagem de Pedro,2090.0,1.0,1.0,0.0,0.0,0.0,,0,2
mutum,Mutum,2089.0,1.0,1.0,0.0,0.0,0.0,,0,2
o lobo atras da porta,O Lobo atrás da Porta,2069.0,0.0,0.0,0.0,0.0,0.0,,0,1
fevereiros,Fevereiros,2051.0,0.0,0.0,0.0,0.0,0.0,,0,1
pequeno segredo,Pequeno Segredo,1968.0,0.0,0.0,0.0,0.0,0.0,,0,1
mamonas assassinas o filme,Mamonas Assassinas: O Filme,1957.0,0.0,0.0,0.0,0.0,0.0,,0,1
xingu,Xingu,1936.0,0.0,0.0,0.0,0.0,0.0,,0,1
deus e o diabo na terra do sol,Deus e o Diabo na Terra do Sol,1890.0,0.0,0.0,0.0,0.0,0.0,,0,1
olhando para as estrelas,Olhando para as Estrelas,1842.0,0.0,0.0,0.0,0.0,0.0,,0,1
no intenso agora,No Intenso Agora,1786.0,0.0,0.0,0.0,0.0,0.0,,0,1
quem se importa,Quem se importa,1781.0,26.0,20.0,0.0,0.0,0.0,,0,2
mate me por favor,Mate-me por favor,1779.0,0.0,0.0,21.0,1.0,1.0,,0,4
os famosos e os duendes da morte,Os Famosos e os Duendes da Morte,1766.0,1.0,1.0,0.0,0.0,0.0,,0,2
diario de um novo mundo,Diário de Um Novo Mundo,1600.0,0.0,0.0,0.0,0.0,0.0,,0,1
era o hotel cambridge,Era o Hotel Cambridge,1525.0,1.0,1.0,0.0,0.0,0.0,,0,2
as melhores coisas do mundo,As Melhores Coisas do Mundo,1491.0,0.0,0.0,0.0,0.0,0.0,,0,1
casa de areia,Casa de Areia,1488.0,0.0,0.0,0.0,0.0,0.0,,0,1
rio de vozes,Rio de Vozes,1483.0,0.0,0.0,0.0,0.0,0.0,,0,1
16060,16060,1448.0,0.0,0.0,0.0,0.0,0.0,,0,1
a casa de alice,A casa de Alice,1436.0,0.0,0.0,0.0,0.0,0.0,,0,1
o clube dos anjos,O Clube dos Anjos,1429.0,2.0,1.0,0.0,0.0,1.0,,0,3
a estrada 47,A Estrada 47,1383.0,45.0,10.0,5.0,0.0,1.0,,0,4
ritmo alucinante,Ritmo Alucinante,1359.0,0.0,0.0,0.0,0.0,0.0,,0,1
i am not salvador,I am not Salvador,1355.0,0.0,0.0,0.0,0.0,0.0,,0,1
pedagio,Pedágio,1332.0,2.0,2.0,25.0,0.0,0.0,B2300343300000,0,3
nossa chape,Nossa Chape,1323.0,0.0,0.0,0.0,0.0,0.0,,0,1
antonio um dois tres,António Um Dois Três,1311.0,37.0,19.0,0.0,0.0,0.0,,0,2
a floresta de jonathas,A Floresta de Jonathas,1282.0,0.0,0.0,5.0,0.0,0.0,,0,2
corazon iluminado,Corazón iluminado,1274.0,0.0,0.0,0.0,0.0,0.0,,0,1
os ultimos dias de gilda,Os Últimos Dias de Gilda,1269.0,0.0,0.0,0.0,0.0,0.0,,0,1
on wheels,On Wheels,1262.0,0.0,0.0,0.0,0.0,0.0,,0,1
pixote a lei do mais fraco,Pixote: A Lei do Mais Fraco,1196.0,0.0,0.0,0.0,0.0,0.0,,0,1
mato seco em chamas,Mato Seco em Chamas,1178.0,0.0,0.0,0.0,0.0,0.0,,0,1
astral city a spiritual journey,Astral City: A Spiritual Journey,1175.0,0.0,0.0,0.0,0.0,0.0,,0,1
chico artista brasileiro,Chico: Artista Brasileiro,1091.0,0.0,0.0,0.0,0.0,0.0,,0,1
tropicalia,Tropicália,1081.0,0.0,0.0,0.0,0.0,0.0,,0,1
eu receberia as piores noticias dos seus lindos labios,Eu Receberia as Piores Notícias dos seus Lindos Lábios,1063.0,0.0,0.0,0.0,0.0,0.0,,0,1
aos teus olhos,Aos Teus Olhos,1055.0,0.0,0.0,0.0,0.0,0.0,,0,1
o palhaco,O Palhaço,1054.0,0.0,0.0,0.0,0.0,0.0,,0,1
verger mensageiro entre dois mundos,"Verger, mensageiro entre dois mundos",1046.0,0.0,0.0,0.0,0.0,0.0,,0,1
piripkura,Piripkura,1020.0,0.0,0.0,0.0,0.0,0.0,,0,1
socrates,Socrates,1018.0,0.0,0.0,0.0,0.0,0.0,,0,1
viajo porque preciso volto porque te amo,"Viajo Porque Preciso, Volto Porque te Amo",1012.0,0.0,0.0,0.0,0.0,0.0,,0,1
a paixao segundo g h,A Paixão Segundo G.H.,999.0,0.0,0.0,0.0,0.0,0.0,,0,1
zoom,Zoom,988.0,0.0,0.0,0.0,0.0,0.0,,0,1
cinema novo,Cinema Novo,968.0,0.0,0.0,19.0,0.0,0.0,,0,2
baby,Baby,964.0,13.0,5.0,0.0,0.0,0.0,,0,2
a primeira morte de joana,A Primeira Morte de Joana,944.0,0.0,0.0,0.0,0.0,0.0,,0,1
tinnitus,Tinnitus,942.0,0.0,0.0,8.0,0.0,0.0,B2100484600000,0,2
only when i dance,Only When I Dance,929.0,2.0,2.0,0.0,0.0,0.0,,0,2
veja esta cancao,Veja Esta Canção,921.0,0.0,0.0,0.0,0.0,0.0,,0,1
a queda do ceu,A Queda do Céu,907.0,0.0,0.0,0.0,0.0,0.0,,0,1
villa lobos uma vida de paixao,Villa-Lobos - Uma Vida de Paixão,898.0,0.0,0.0,0.0,0.0,0.0,,0,1
deslembro,Deslembro,878.0,0.0,0.0,0.0,0.0,0.0,,0,1
human life,Human Life,863.0,0.0,0.0,0.0,0.0,0.0,,0,1
paraisos artificiais,Paraísos Artificiais,862.0,0.0,0.0,0.0,0.0,0.0,,0,1
hommage a glauber rocha,Hommage à Glauber Rocha,821.0,0.0,0.0,0.0,0.0,0.0,,0,1
joaquim,Joaquim,809.0,1.0,1.0,0.0,1.0,0.0,,0,3
alma corsaria,Alma Corsária,808.0,0.0,0.0,0.0,0.0,0.0,,0,1
ate que a musica pare,Até que a Música Pare,771.0,0.0,0.0,0.0,1.0,0.0,,0,2
marte um,Marte Um,740.0,0.0,0.0,0.0,0.0,0.0,,0,1
historias de amor duram apenas 90 minutos,Histórias de Amor Duram Apenas 90 Minutos,711.0,0.0,0.0,0.0,0.0,1.0,,0,2
sangue azul,Sangue Azul,711.0,0.0,0.0,7.0,0.0,0.0,,0,2
estive em lisboa e lembrei de voce,Estive em Lisboa e Lembrei de Você,694.0,1.0,1.0,0.0,0.0,0.0,,0,2
o homem das multidoes,O Homem das Multidões,666.0,0.0,0.0,0.0,0.0,0.0,,0,1
janela da alma,Janela da Alma,641.0,0.0,0.0,0.0,0.0,0.0,,0,1
gemeas,Gêmeas,613.0,0.0,0.0,0.0,0.0,0.0,,0,1
idolo,Ídolo,608.0,0.0,0.0,0.0,0.0,0.0,,0,1
como fazer um filmo de amor,Como fazer um filmo de amor,600.0,0.0,0.0,0.0,0.0,0.0,,0,1
my name is now,My Name Is Now,599.0,0.0,0.0,0.0,0.0,0.0,,0,1
1960,1960,0.0,1.0,1.0,0.0,0.0,0.0,,0,1
360,360,0.0,78.0,16.0,0.0,0.0,0.0,,0,1
a chuva acalanta a dor,A Chuva Acalanta a Dor,0.0,2.0,2.0,0.0,0.0,0.0,,0,1
a cidade onde envelheco,A Cidade onde Envelheço,0.0,7.0,7.0,0.0,0.0,0.0,,0,1
a family submerged,A Family Submerged,0.0,2.0,2.0,0.0,0.0,0.0,,0,1
a fidai film,A Fidai Film,0.0,1.0,1.0,0.0,0.0,0.0,,0,1
a flor do buriti,A Flor do Buriti,0.0,13.0,4.0,0.0,0.0,0.0,,0,1
a journey,A Journey,0.0,69.0,23.0,0.0,0.0,0.0,,0,1
a onda traz o vento leva,"A Onda Traz, O Vento Leva",0.0,7.0,7.0,0.0,0.0,0.0,,0,1
a vida invisivel,A Vida Invisível,0.0,45.0,11.0,0.0,0.0,0.0,,0,1
ainda temos a imensidao da noite,Ainda Temos a Imensidão da Noite,0.0,14.0,12.0,0.0,0.0,0.0,,0,1
alguem como eu,Alguém Como Eu,0.0,2.0,1.0,0.0,0.0,0.0,,0,1
all still orbit,All Still Orbit,0.0,34.0,27.0,0.0,0.0,0.0,,0,1
amazon,Amazon,0.0,10.0,6.0,0.0,0.0,0.0,,0,1
amazon adventure,Amazon Adventure,0.0,28.0,27.0,0.0,0.0,0.0,,0,1
amazonia,Amazonia,0.0,46.0,10.0,0.0,0.0,0.0,,0,1
america,América,0.0,1.0,1.0,0.0,1.0,1.0,,0,3
amigo secreto,Amigo Secreto,0.0,1.0,1.0,0.0,0.0,0.0,,0,1
amo te imenso,Amo-te Imenso,0.0,2.0,1.0,0.0,0.0,0.0,,0,1
an aviation field,An Aviation Field,0.0,1.0,1.0,0.0,0.0,0.0,,0,1
another forever,Another Forever,0.0,5.0,3.0,0.0,0.0,0.0,,0,1
another silence,Another Silence,0.0,5.0,1.0,0.0,0.0,0.0,,0,1
antonio lindo antonio,"António, Lindo António",0.0,1.0,1.0,0.0,0.0,0.0,,0,1
apiyemiyeki,Apiyemiyekî?,0.0,27.0,27.0,0.0,0.0,0.0,,0,1
apocalypse in the tropics,Apocalypse in the Tropics,0.0,29.0,24.0,0.0,0.0,0.0,,0,1
ausencia,Ausência,0.0,1.0,1.0,13.0,0.0,1.0,,0,3
aya arcos,Aya Arcos,0.0,3.0,2.0,0.0,0.0,0.0,,0,1
bach in brazil,Bach in Brazil,0.0,21.0,3.0,0.0,0.0,0.0,,0,1
base,Base,0.0,14.0,12.0,0.0,0.0,0.0,,0,1
bastardi a mano armata,Bastardi a mano armata,0.0,37.0,10.0,0.0,0.0,0.0,,0,1
beckett,Beckett,0.0,36.0,31.0,0.0,0.0,0.0,,0,1
bei den kaffeepfluckern in brasilien,Bei den Kaffeepflückern in Brasilien,0.0,3.0,3.0,0.0,0.0,0.0,,0,1
believe the beat,Believe the Beat,0.0,19.0,19.0,0.0,0.0,0.0,,0,1
big bang,Big Bang,0.0,8.0,8.0,0.0,0.0,0.0,,0,1
birdwatchers la terra degli uomini rossi,BirdWatchers - La terra degli uomini rossi,0.0,7.0,6.0,0.0,0.0,0.0,,0,1
blue lips,Blue Lips,0.0,36.0,22.0,0.0,0.0,0.0,,0,1
boardheads,BoardHeads,0.0,1.0,1.0,0.0,0.0,0.0,,0,1
bounce how the ball taught the world to play,Bounce: How the Ball Taught the World to Play,0.0,26.0,22.0,0.0,0.0,0.0,,0,1
boys on film 22 love to love you,Boys on Film 22: Love to Love You,0.0,6.0,5.0,0.0,0.0,0.0,,0,1
boys on film 23 dangerous to know,Boys on Film 23: Dangerous to Know,0.0,2.0,2.0,0.0,0.0,0.0,,0,1
brasileirinho,Brasileirinho,0.0,7.0,4.0,0.0,0.0,0.0,,0,1
brazil 2002 the real story,Brazil 2002: The Real Story,0.0,13.0,12.0,0.0,0.0,0.0,,0,1
breve historia del planeta verde,Breve historia del planeta verde,0.0,2.0,2.0,0.0,0.0,0.0,,0,1
breve miragem de sol,Breve Miragem de Sol,0.0,4.0,3.0,0.0,0.0,0.0,,0,1
bula,Bula,0.0,2.0,2.0,0.0,0.0,0.0,,0,1
cadaver exquisito,Cadáver exquisito,0.0,16.0,5.0,0.0,0.0,0.0,,0,1
cafe de los maestros,Cafe de los maestros,0.0,6.0,4.0,0.0,0.0,0.0,,0,1
caminhos magnetykos,Caminhos Magnétykos,0.0,3.0,1.0,0.0,0.0,0.0,,0,1
camocim,Camocim,0.0,33.0,31.0,0.0,0.0,0.0,,0,1
carmo,Carmo,0.0,1.0,1.0,0.0,0.0,0.0,,0,1
chasing robert barker,Chasing Robert Barker,0.0,79.0,23.0,0.0,0.0,0.0,,0,1
chuva e cantoria na aldeia dos mortos,Chuva É Cantoria Na Aldeia Dos Mortos,0.0,34.0,24.0,0.0,0.0,0.0,,0,1
cidade cinza,Cidade Cinza,0.0,1.0,1.0,0.0,0.0,0.0,,0,1
cinzento e negro,Cinzento e Negro,0.0,1.0,1.0,0.0,1.0,0.0,,0,2
comboio de sal e acucar,Comboio de Sal e Açucar,0.0,36.0,21.0,0.0,0.0,1.0,,0,2
coming clean,Coming Clean,0.0,46.0,23.0,0.0,0.0,0.0,,0,1
continente,Continente,0.0,1.0,1.0,0.0,0.0,0.0,,0,1
copacabana palace,Copacabana Palace,0.0,2.0,1.0,0.0,0.0,0.0,,0,1
correspondencias,Correspondências,0.0,26.0,26.0,0.0,0.0,0.0,,0,1
crime time,Crime Time,0.0,4.0,4.0,0.0,0.0,0.0,,0,1
cupido electronico,Cupido Electrónico,0.0,1.0,1.0,0.0,0.0,0.0,,0,1
dalia y el libro rojo,Dalia y el Libro Rojo,0.0,10.0,9.0,0.0,0.0,0.0,,0,1
der leone have sept cabecas,Der Leone Have Sept Cabeças,0.0,2.0,2.0,0.0,0.0,0.0,,0,1
diamantino,Diamantino,0.0,51.0,9.0,0.0,1.0,0.0,,0,2
die goldene gottin vom rio beni,Die goldene Göttin vom Rio Beni,0.0,12.0,4.0,0.0,0.0,0.0,,0,1
dirty games,Dirty Games,0.0,25.0,3.0,0.0,0.0,0.0,,0,1
divino amor,Divino Amor,0.0,8.0,5.0,0.0,0.0,0.0,,0,1
djon africa,Djon Africa,0.0,16.0,13.0,0.0,0.0,0.0,,0,1
doraemon nobita no takarajima,Doraemon Nobita no Takarajima,0.0,5.0,1.0,0.0,0.0,0.0,,0,1
dormir de olhos abertos,Dormir de Olhos Abertos,0.0,4.0,2.0,0.0,0.0,0.0,,0,1
dot com,Dot.com,0.0,1.0,1.0,0.0,0.0,0.0,,0,1
dr jack et mr nicholson,Dr Jack et Mr Nicholson,0.0,3.0,3.0,0.0,0.0,0.0,,0,1
el ardor,El Ardor,0.0,46.0,8.0,7.0,1.0,0.0,,0,3
el auge del humano,El auge del humano,0.0,36.0,24.0,0.0,0.0,0.0,,0,1
el auge del humano 3,El auge del humano 3,0.0,7.0,3.0,0.0,0.0,0.0,,0,1
el bano del papa,El Baño del Papa,0.0,2.0,2.0,0.0,0.0,0.0,,0,1
el empleado y el patron,El empleado y el patrón,0.0,12.0,1.0,0.0,0.0,0.0,,0,1
el sexo de los angeles,El sexo de los ángeles,0.0,8.0,6.0,0.0,0.0,0.0,,0,1
embargo,Embargo,0.0,4.0,4.0,0.0,0.0,1.0,,0,2
enchanted hearts,Enchanted Hearts,0.0,3.0,1.0,0.0,0.0,0.0,,0,1
errante corazon,Errante corazón,0.0,17.0,6.0,0.0,0.0,0.0,,0,1
escape from brazil,Escape from Brazil,0.0,1.0,1.0,0.0,0.0,0.0,,0,1
esteros,Esteros,0.0,45.0,18.0,0.0,1.0,0.0,,0,2
eye of the future,Eye of the Future,0.0,1.0,1.0,0.0,0.0,0.0,,0,1
fallen,Fallen,0.0,11.0,6.0,0.0,0.0,0.0,,0,1
familia rodante,Familia rodante,0.0,2.0,1.0,0.0,0.0,0.0,,0,1
far from home movie,Far from Home Movie,0.0,1.0,1.0,0.0,0.0,0.0,,0,1
fendas,Fendas,0.0,3.0,1.0,0.0,0.0,0.0,,0,1
fighting for peace,Fighting for Peace,0.0,22.0,19.0,0.0,0.0,0.0,,0,1
gazelle the love issue,Gazelle: The Love Issue,0.0,7.0,7.0,0.0,0.0,0.0,,0,1
gregory and virginia chaitin against method,Gregory and Virginia Chaitin: Against Method,0.0,1.0,1.0,0.0,0.0,0.0,,0,1
gringo favelado,Gringo Favelado,0.0,98.0,26.0,0.0,0.0,0.0,,0,1
guaxuma,Guaxuma,0.0,65.0,31.0,0.0,0.0,0.0,,0,1
ha terra,Há terra!,0.0,28.0,27.0,0.0,0.0,0.0,,0,1
hello cinta pertamaku cambio e desligo,"Hello Cinta Pertamaku, Câmbio e Desligo",0.0,15.0,15.0,0.0,0.0,0.0,,0,1
historias que so existem quando lembradas,Historias que so existem quando Lembradas,0.0,2.0,1.0,0.0,0.0,2.0,,0,2
holding up the sky,Holding up the Sky,0.0,1.0,1.0,0.0,0.0,0.0,,0,1
hue a matter of colour,Hue: A Matter of Colour,0.0,3.0,1.0,0.0,0.0,0.0,,0,1
hunting for hedonia,Hunting for Hedonia,0.0,40.0,21.0,0.0,0.0,0.0,,0,1
il traditore,Il traditore,0.0,110.0,17.0,0.0,0.0,0.0,,0,1
im schatten der netzwelt,Im Schatten der Netzwelt,0.0,18.0,4.0,0.0,0.0,0.0,,0,1
infancia clandestina,Infancia clandestina,0.0,12.0,4.0,0.0,0.0,0.0,,0,1
inner ghosts,Inner Ghosts,0.0,36.0,9.0,0.0,0.0,0.0,,0,1
invention,Invention,0.0,24.0,24.0,0.0,0.0,0.0,,0,1
invoked,Invoked,0.0,76.0,28.0,0.0,0.0,0.0,,0,1
iracema uma transa amazonica,Iracema - Uma Transa Amazônica,0.0,3.0,3.0,0.0,0.0,0.0,,0,1
jamie and the magic torch,Jamie and the Magic Torch,0.0,12.0,1.0,0.0,0.0,0.0,,0,1
jangada,Jangada,0.0,27.0,27.0,0.0,0.0,0.0,,0,1
jauja,Jauja,0.0,6.0,2.0,0.0,0.0,0.0,,0,1
jose e pilar,José e Pilar,0.0,2.0,2.0,0.0,0.0,0.0,,0,1
journey to the end of the night,Journey to the End of the Night,0.0,3.0,2.0,0.0,0.0,0.0,,0,1
kaiser the greatest footballer never to play football,Kaiser: The Greatest Footballer Never to Play Football,0.0,5.0,5.0,0.0,0.0,0.0,,0,1
karnawal,Karnawal,0.0,7.0,2.0,0.0,0.0,0.0,,0,1
keepers of the magic,Keepers of the Magic,0.0,33.0,24.0,0.0,0.0,0.0,,0,1
kick out your boss,Kick Out Your Boss,0.0,6.0,3.0,0.0,0.0,0.0,,0,1
kilas o mau da fita,"Kilas, O Mau Da Fita",0.0,1.0,1.0,0.0,0.0,0.0,,0,1
killer fish,Killer Fish,0.0,1.0,1.0,0.0,0.0,0.0,,0,1
killer ratings,Killer Ratings,0.0,30.0,30.0,0.0,0.0,0.0,,0,1
korubo morir matando,Korubo: Morir matando,0.0,4.0,1.0,0.0,0.0,0.0,,0,1
la dignidad de los nadies,La Dignidad de los nadies,0.0,6.0,5.0,0.0,0.0,0.0,,0,1
la patota,La patota,0.0,19.0,4.0,0.0,0.0,0.0,,0,1
la playa,La Playa,0.0,1.0,1.0,0.0,0.0,0.0,,0,1
la tierra y la sombra,La tierra y la sombra,0.0,13.0,5.0,0.0,0.0,0.0,,0,1
lakey peterson zero to 100,Lakey Peterson: Zero to 100,0.0,77.0,27.0,0.0,0.0,0.0,,0,1
lalgam portraits of survival,LALGAM - portraits of survival,0.0,24.0,24.0,0.0,0.0,0.0,,0,1
lana konigin der amazonen,Lana - Königin der Amazonen,0.0,2.0,2.0,0.0,0.0,0.0,,0,1
landfill harmonic,Landfill Harmonic,0.0,1.0,1.0,0.0,0.0,0.0,,0,1
las herederas,Las herederas,0.0,44.0,12.0,0.0,0.0,0.0,,0,1
les iles resonnantes,Les îles résonnantes,0.0,1.0,1.0,0.0,0.0,0.0,,0,1
les rebelles du foot,Les rebelles du foot,0.0,11.0,6.0,0.0,0.0,0.0,,0,1
little men,Little Men,0.0,53.0,15.0,0.0,0.0,0.0,,0,1
little stones,Little Stones,0.0,26.0,20.0,0.0,0.0,0.0,,0,1
lo que queda en el camino,Lo que queda en el camino,0.0,54.0,27.0,0.0,0.0,0.0,,0,1
lope,Lope,0.0,22.0,7.0,0.0,0.0,0.0,,0,1
los conductos,Los conductos,0.0,1.0,1.0,0.0,0.0,0.0,,0,1
los delincuentes,Los delincuentes,0.0,40.0,12.0,29.0,0.0,0.0,B2300373000000,0,2
los leones,Los Leones,0.0,1.0,1.0,0.0,0.0,0.0,,0,1
los silencios,Los silencios,0.0,12.0,4.0,0.0,0.0,1.0,,0,2
love is strange,Love Is Strange,0.0,66.0,13.0,0.0,0.0,0.0,,0,1
magia verde,Magia verde,0.0,27.0,27.0,0.0,0.0,0.0,,0,1
man proposes god disposes,"Man Proposes, God Disposes",0.0,4.0,4.0,0.0,0.0,0.0,,0,1
manas,Manas,0.0,5.0,2.0,0.0,0.0,1.0,,0,2
mata atlantica,Mata Atlântica,0.0,27.0,27.0,0.0,0.0,0.0,,0,1
mata mata stories about football dreams and life,"MATA MATA: Stories about Football, Dreams and Life",0.0,14.0,12.0,0.0,0.0,0.0,,0,1
meninas formicida,Meninas Formicida,0.0,1.0,1.0,0.0,0.0,0.0,,0,1
meu querido supermercado,Meu Querido Supermercado,0.0,6.0,4.0,0.0,0.0,0.0,,0,1
milk,Milk,0.0,56.0,27.0,0.0,0.0,0.0,,0,1
mission amazonas,Mission Amazonas,0.0,1.0,1.0,0.0,0.0,0.0,,0,1
miucha the voice of bossa nova,"Miúcha, the Voice of Bossa Nova",0.0,3.0,2.0,0.0,0.0,0.0,,0,1
mord in rio,Mord in Rio,0.0,9.0,3.0,0.0,0.0,0.0,,0,1
morro dos prazeres,Morro dos Prazeres,0.0,1.0,1.0,0.0,0.0,0.0,,0,1
mosquito,Mosquito,0.0,2.0,2.0,0.0,0.0,0.0,,0,1
mothership goes to brazil,Mothership goes to Brazil,0.0,7.0,7.0,0.0,0.0,0.0,,0,1
murina,Murina,0.0,42.0,9.0,0.0,0.0,0.0,,0,1
my blood is red,My Blood Is Red,0.0,29.0,27.0,0.0,0.0,0.0,,0,1
my love six stories of true love,My Love: Six Stories of True Love,0.0,31.0,31.0,0.0,0.0,0.0,,0,1
mya go,Mya Go,0.0,4.0,1.0,0.0,0.0,0.0,,0,1
nada tenho de meu,Nada Tenho de Meu,0.0,1.0,1.0,0.0,0.0,0.0,,0,1
nadie nos mira,Nadie nos mira,0.0,27.0,10.0,0.0,0.0,0.0,,0,1
nao sao aguas passadas,Não São Águas Passadas,0.0,1.0,1.0,0.0,0.0,0.0,,0,1
nardjes a,Nardjes A.,0.0,2.0,1.0,0.0,0.0,0.0,,0,1
nheengatu,Nheengatu,0.0,1.0,1.0,0.0,0.0,0.0,,0,1
no kings,No Kings,0.0,5.0,4.0,0.0,0.0,0.0,,0,1
no meu lugar,No Meu Lugar,0.0,1.0,1.0,0.0,1.0,0.0,,0,2
no se lo digas a nadie,No se lo digas a nadie,0.0,1.0,1.0,0.0,0.0,0.0,,0,1
noche de fuego,Noche de fuego,0.0,45.0,26.0,0.0,0.0,0.0,,0,1
nona si me mojan yo los quemo,"Nona. Si me mojan, yo los quemo",0.0,28.0,26.0,0.0,0.0,0.0,,0,1
o coro,O Coro,0.0,1.0,1.0,0.0,0.0,0.0,,0,1
o diario de alice,O Diário de Alice,0.0,2.0,2.0,0.0,0.0,0.0,,0,1
o dragao da maldade contra o santo guerreiro,O dragão da maldade contra o santo guerreiro,0.0,5.0,5.0,0.0,0.0,0.0,,0,1
o futebol,O futebol,0.0,7.0,5.0,0.0,0.0,0.0,,0,1
o grande kilapy,O Grande Kilapy,0.0,1.0,1.0,0.0,1.0,1.0,,0,3
o manuscrito perdido,O Manuscrito Perdido,0.0,1.0,1.0,0.0,0.0,0.0,,0,1
o ornitologo,O Ornitólogo,0.0,18.0,7.0,0.0,1.0,0.0,,0,2
o outro lado do cartao postal,O Outro Lado do Cartão-Postal,0.0,1.0,1.0,0.0,0.0,0.0,,0,1
o rio do ouro,O Rio Do Ouro,0.0,1.0,1.0,0.0,0.0,0.0,,0,1
o samba,O Samba,0.0,18.0,13.0,0.0,0.0,0.0,,0,1
o ultimo animal,O Último Animal,0.0,1.0,1.0,0.0,0.0,0.0,,0,1
o ultimo voo do flamingo,O Último Voo Do Flamingo,0.0,3.0,3.0,0.0,1.0,0.0,,0,2
o xigante,O Xigante,0.0,1.0,1.0,0.0,0.0,0.0,,0,1
occupants,Occupants,0.0,134.0,24.0,0.0,0.0,0.0,,0,1
ocupacion s a,Ocupación S.A.,0.0,1.0,1.0,0.0,0.0,0.0,,0,1
olhe bem as montanhas,Olhe Bem As Montanhas,0.0,27.0,27.0,0.0,0.0,0.0,,0,1
olmo the seagull,Olmo & the Seagull,0.0,5.0,3.0,0.0,0.0,0.0,,0,1
on the road,On the Road,0.0,111.0,24.0,0.0,0.0,0.0,,0,1
once upon a time in venezuela,Once Upon a Time in Venezuela,0.0,1.0,1.0,0.0,0.0,0.0,,0,1
orfeu negro,Orfeu negro,0.0,36.0,8.0,0.0,0.0,0.0,,0,1
os bandeirantes,Os Bandeirantes,0.0,2.0,1.0,0.0,0.0,0.0,,0,1
os maias,Os Maias,0.0,1.0,1.0,0.0,0.0,0.0,,0,1
os maias cenas da vida romantica,Os Maias - Cenas da Vida Romântica,0.0,2.0,1.0,0.0,0.0,0.0,,0,1
ou est la jungle,Où est la jungle?,0.0,1.0,1.0,0.0,0.0,0.0,,0,1
pacifico,Pacifico,0.0,126.0,28.0,0.0,0.0,0.0,,0,1
pais do desejo,País do Desejo,0.0,1.0,1.0,0.0,0.0,0.0,,0,1
palavra e utopia,Palavra e utopia,0.0,1.0,1.0,0.0,0.0,0.0,,0,1
paloma,Paloma,0.0,22.0,12.0,0.0,0.0,0.0,,0,1
pedro e ines,Pedro e Inês,0.0,6.0,6.0,0.0,0.0,0.0,,0,1
pendular,Pendular,0.0,1.0,1.0,0.0,0.0,2.0,,0,2
perfect,Perfect,0.0,7.0,6.0,0.0,0.0,0.0,,0,1
pornomelancolia,Pornomelancolía,0.0,13.0,6.0,0.0,0.0,0.0,,0,1
puan,Puan,0.0,19.0,12.0,18.0,0.0,0.0,B2300527400000,0,2
quanto basta,Quanto basta,0.0,14.0,3.0,0.0,0.0,0.0,,0,1
quebrando o tabu,Quebrando o Tabu,0.0,5.0,2.0,0.0,0.0,0.0,,0,1
queen live in rio,Queen Live in Rio,0.0,23.0,22.0,0.0,0.0,0.0,,0,1
rifle,Rifle,0.0,1.0,1.0,0.0,0.0,0.0,,0,1
rio sex comedy,Rio Sex Comedy,0.0,27.0,5.0,0.0,0.0,0.0,,0,1
rojo,Rojo,0.0,47.0,13.0,0.0,0.0,0.0,,0,1
ronde de nuit,Ronde de nuit,0.0,1.0,1.0,0.0,0.0,0.0,,0,1
rosa morena,Rosa morena,0.0,41.0,28.0,0.0,0.0,0.0,,0,1
rouge bresil,Rouge Brésil,0.0,1.0,1.0,0.0,0.0,0.0,,0,1
russa,Russa,0.0,28.0,27.0,0.0,0.0,0.0,,0,1
saint clair cemin psyche,"Saint Clair Cemin, Psyche",0.0,4.0,4.0,0.0,0.0,0.0,,0,1
samba,Samba,0.0,4.0,3.0,0.0,0.0,1.0,,0,2
sambolico,Sambolico,0.0,1.0,1.0,0.0,0.0,0.0,,0,1
sangre,Sangre,0.0,14.0,3.0,0.0,0.0,0.0,,0,1
save the tree,Save the Tree,0.0,2.0,1.0,0.0,0.0,0.0,,0,1
sea princesses,Sea Princesses,0.0,4.0,2.0,0.0,0.0,0.0,,0,1
sean connery vs james bond,Sean Connery vs James Bond,0.0,6.0,6.0,0.0,0.0,0.0,,0,1
segredos da tribo,Segredos da Tribo,0.0,63.0,28.0,0.0,0.0,0.0,,0,1
separado,Separado!,0.0,3.0,2.0,0.0,0.0,0.0,,0,1
shine your eyes,Shine Your Eyes,0.0,31.0,24.0,0.0,0.0,0.0,,0,1
si tu vas a rio tu meurs,Si tu vas à Rio... tu meurs,0.0,5.0,1.0,0.0,0.0,0.0,,0,1
sideral,Sideral,0.0,2.0,1.0,0.0,0.0,0.0,,0,1
sobreviventes,Sobreviventes,0.0,1.0,1.0,0.0,0.0,0.0,,0,1
sonhar com leoes,Sonhar com Leões,0.0,1.0,1.0,0.0,0.0,0.0,,0,1
steak,Steak,0.0,13.0,4.0,0.0,0.0,0.0,,0,1
streetkids united ii the girls from rio,Streetkids United II: The Girls From Rio,0.0,29.0,24.0,0.0,0.0,0.0,,0,1
sur le chemin de l ecole,Sur le chemin de l'école,0.0,38.0,9.0,0.0,0.0,0.0,,0,1
survivor,Survivor,0.0,1.0,1.0,0.0,0.0,0.0,,0,1
swimming home,Swimming Home,0.0,38.0,15.0,0.0,0.0,0.0,,0,1
tawai a voice from the forest,Tawai: A voice from the forest,0.0,86.0,24.0,0.0,0.0,0.0,,0,1
tender resistance,Tender Resistance,0.0,1.0,1.0,0.0,0.0,0.0,,0,1
the case of j,The Case of J.,0.0,1.0,1.0,0.0,0.0,0.0,,0,1
the cause and the shadow,The Cause and the Shadow,0.0,1.0,1.0,0.0,0.0,0.0,,0,1
the circle brazil,The Circle: Brazil,0.0,28.0,28.0,0.0,0.0,0.0,,0,1
the coup d etat factory a fantastica fabrica de golpes,The Coup d'État Factory (A Fantástica Fábrica de Golpes),0.0,2.0,2.0,0.0,0.0,0.0,,0,1
the forgotten treasure,The Forgotten Treasure,0.0,2.0,2.0,0.0,0.0,0.0,,0,1
the french teacher,The French Teacher,0.0,153.0,29.0,0.0,0.0,0.0,,0,1
the last adventure of the gandul diary of a shipwreck,The Last Adventure Of the Gandul: Diary of a Shipwreck,0.0,1.0,1.0,0.0,0.0,0.0,,0,1
the lost gold,The Lost Gold,0.0,1.0,1.0,0.0,0.0,0.0,,0,1
the male gaze bitter sweet,The Male Gaze: Bitter Sweet,0.0,7.0,7.0,0.0,0.0,0.0,,0,1
the male gaze breaking dawn,The Male Gaze: Breaking Dawn,0.0,5.0,5.0,0.0,0.0,0.0,,0,1
the male gaze celluloid dreams,The Male Gaze: Celluloid Dreams,0.0,7.0,7.0,0.0,0.0,0.0,,0,1
the male gaze hide and seek,The Male Gaze: Hide and Seek,0.0,5.0,5.0,0.0,0.0,0.0,,0,1
the male gaze reality bites,The Male Gaze: Reality Bites,0.0,3.0,3.0,0.0,0.0,0.0,,0,1
the male gaze shadows on skin,The Male Gaze: Shadows on Skin,0.0,8.0,8.0,0.0,0.0,0.0,,0,1
the motivation,The Motivation,0.0,23.0,19.0,0.0,0.0,0.0,,0,1
the mystery of the pink dolphin,The Mystery of the Pink Dolphin,0.0,31.0,26.0,0.0,0.0,0.0,,0,1
the phenomenon,The Phenomenon,0.0,7.0,7.0,0.0,0.0,0.0,,0,1
the salt of the earth,The Salt of the Earth,0.0,60.0,14.0,0.0,0.0,0.0,,0,1
the vvitch a new england folktale,The VVitch: A New-England Folktale,0.0,169.0,31.0,0.0,0.0,0.0,,0,1
tigrero a film that was never made,Tigrero: A Film That Was Never Made,0.0,8.0,4.0,0.0,0.0,0.0,,0,1
todos os mortos,Todos os Mortos,0.0,8.0,1.0,0.0,0.0,0.0,,0,1
too late to die young,Too Late to Die Young,0.0,7.0,3.0,0.0,0.0,0.0,,0,1
train station,Train Station,0.0,3.0,1.0,0.0,0.0,0.0,,0,1
trash,Trash,0.0,111.0,30.0,0.0,0.0,0.0,,0,1
tudo isto e fado,Tudo Isto É Fado,0.0,1.0,1.0,0.0,0.0,0.0,,0,1
ultimate beastmaster,Ultimate Beastmaster,0.0,28.0,28.0,0.0,0.0,0.0,,0,1
um animal amarelo,Um Animal Amarelo,0.0,3.0,2.0,0.0,1.0,0.0,,0,2
um crime nobre,Um Crime Nobre,0.0,1.0,1.0,0.0,0.0,0.0,,0,1
um tiro no escuro,Um tiro no escuro,0.0,70.0,23.0,0.0,0.0,0.0,,0,1
una especie de familia,Una especie de familia,0.0,5.0,2.0,0.0,0.0,0.0,,0,1
upon her lips girl power,Upon Her Lips: Girl Power,0.0,6.0,5.0,0.0,0.0,0.0,,0,1
upon her lips pure feels,Upon Her Lips: Pure Feels,0.0,3.0,3.0,0.0,0.0,0.0,,0,1
ussa,USSA,0.0,24.0,24.0,0.0,0.0,0.0,,0,1
vermelho russo,Vermelho Russo,0.0,10.0,6.0,0.0,0.0,0.0,,0,1
waste land,Waste Land,0.0,15.0,5.0,0.0,0.0,0.0,,0,1
we are blood,We Are Blood,0.0,113.0,27.0,0.0,0.0,0.0,,0,1
we could be heroes,We Could Be Heroes,0.0,48.0,28.0,0.0,0.0,0.0,,0,1
when you look beneath the skin,When You Look Beneath the Skin,0.0,1.0,1.0,0.0,0.0,0.0,,0,1
window boy would also like to have a submarine,Window Boy Would Also Like to Have a Submarine,0.0,2.0,2.0,0.0,0.0,0.0,,0,1
yvone kane,Yvone Kane,0.0,1.0,1.0,0.0,1.0,0.0,,0,2
zaatari memories of the labyrinth,Zaatari Memories of the Labyrinth,0.0,3.0,3.0,0.0,0.0,0.0,,0,1
zama,Zama,0.0,32.0,11.0,0.0,1.0,0.0,,0,2
zentralflughafen thf,Zentralflughafen THF,0.0,10.0,4.0,0.0,0.0,0.0,,0,1
a alma quer voar,A ALMA QUER VOAR,0.0,0.0,0.0,6.0,0.0,0.0,B2100203300000,0,1
a colecao invisivel,A COLEÇÃO INVISIVEL,0.0,0.0,0.0,10.0,0.0,0.0,,0,1
a historia da eternidade,A HISTORIA DA ETERNIDADE,0.0,0.0,0.0,11.0,0.0,0.0,,0,1
a memoria que me contam,A MEMÓRIA QUE ME CONTAM,0.0,0.0,0.0,7.0,0.0,1.0,,0,2
a morte de j p cuenca,A MORTE DE J.P. CUENCA,0.0,0.0,0.0,7.0,0.0,0.0,,0,1
a nacao que nao esperou por deus,A NAÇÃO QUE NÃO ESPEROU POR DEUS,0.0,0.0,0.0,4.0,0.0,1.0,,0,2
a oeste do fim do mundo,A OESTE DO FIM DO MUNDO,0.0,0.0,0.0,4.0,0.0,0.0,,0,1
a vida privada dos hipopotamos,A VIDA PRIVADA DOS HIPOPÓTAMOS,0.0,0.0,0.0,8.0,0.0,0.0,,0,1
a vizinhanca do tigre,A VIZINHANÇA DO TIGRE,0.0,0.0,0.0,7.0,0.0,0.0,,0,1
amores urbanos,AMORES URBANOS,0.0,0.0,0.0,4.0,0.0,0.0,,0,1
aqui deste lugar,AQUI DESTE LUGAR,0.0,0.0,0.0,2.0,0.0,0.0,,0,1
betinho a esperanca equilibrista,BETINHO-A ESPERANÇA EQUILIBRISTA,0.0,0.0,0.0,4.0,0.0,0.0,,0,1
branco sai preto fica,BRANCO SAI PRETO FICA,0.0,0.0,0.0,18.0,0.0,0.0,,0,1
california,CALIFÓRNIA,0.0,0.0,0.0,5.0,0.0,0.0,,0,1
camisa treze cultural s s ltda o silencio no ceu,CAMISA TREZE CULTURAL S/S LTDA. O SILÊNCIO NO CÉU,0.0,0.0,0.0,6.0,0.0,0.0,,0,1
campo grande,CAMPO GRANDE,0.0,0.0,0.0,10.0,0.0,1.0,,0,2
casa redonda producoes culturais ltda espaco alem marina abramovic e o brasil,CASA REDONDA PRODUÇÕES CULTURAIS LTDA. ESPAÇO ALÉM - MARINA ABRAMOVIC E O BRASIL,0.0,0.0,0.0,7.0,0.0,0.0,,0,1
cassia,CÁSSIA,0.0,0.0,0.0,3.0,0.0,0.0,,0,1
chamada a cobrar,CHAMADA A COBRAR,0.0,0.0,0.0,2.0,0.0,0.0,,0,1
cinco vezes chico o velho e sua gente,CINCO VEZES CHICO - O VELHO E SUA GENTE,0.0,0.0,0.0,4.0,0.0,0.0,,0,1
colegas,COLEGAS,0.0,0.0,0.0,2.0,0.0,0.0,,0,1
cores,CORES,0.0,0.0,0.0,5.0,0.0,0.0,,0,1
depois da chuva,DEPOIS DA CHUVA,0.0,0.0,0.0,12.0,0.0,0.0,,0,1
educacao sentimental,EDUCAÇÃO SENTIMENTAL,0.0,0.0,0.0,4.0,0.0,0.0,,0,1
ela volta na quinta,ELA VOLTA NA QUINTA,0.0,0.0,0.0,17.0,0.0,0.0,,0,1
em tres atos,EM TRÊS ATOS,0.0,0.0,0.0,4.0,0.0,0.0,,0,1
futuro junho,FUTURO JUNHO,0.0,0.0,0.0,7.0,0.0,0.0,,0,1
habi la extranjera,"HABI, LA EXTRANJERA",0.0,0.0,0.0,5.0,1.0,1.0,,0,3
hoje,HOJE,0.0,0.0,0.0,3.0,0.0,0.0,,0,1
joao o maestro,"JOÃO, O MAESTRO",0.0,0.0,0.0,6.0,0.0,0.0,,0,1
la parle,LA PARLE,0.0,0.0,0.0,1.0,0.0,0.0,B2100501800000,0,1
maresia,MARESIA,0.0,0.0,0.0,5.0,0.0,1.0,,0,2
minha irma e eu,MINHA IRMÃ E EU,0.0,0.0,0.0,2.0,0.0,0.0,B2300519200000,0,1
nise o coracao da loucura,NISE - O CORAÇÃO DA LOUCURA,0.0,0.0,0.0,7.0,0.0,0.0,,0,1
o abismo prateado,O ABISMO PRATEADO,0.0,0.0,0.0,8.0,0.0,0.0,,0,1
o acidente,O ACIDENTE,0.0,0.0,0.0,10.0,0.0,0.0,B2100232400000,0,1
o exercicio do caos,O EXERCÍCIO DO CAOS,0.0,0.0,0.0,2.0,0.0,0.0,,0,1
o outro lado do paraiso,O OUTRO LADO DO PARAÍSO,0.0,0.0,0.0,10.0,0.0,0.0,,0,1
o pastor e o guerrilheiro,O PASTOR E O GUERRILHEIRO,0.0,0.0,0.0,4.0,0.0,0.0,B2300121300000,0,1
o roubo da taca,O ROUBO DA TAÇA,0.0,0.0,0.0,2.0,0.0,0.0,,0,1
o sequestro do voo 375,O SEQUESTRO DO VOO 375,0.0,0.0,0.0,4.0,0.0,0.0,B2300524600000,0,1
o touro the bull,O TOURO (THE BULL),0.0,0.0,0.0,3.0,0.0,0.0,,0,1
obra,OBRA,0.0,0.0,0.0,14.0,0.0,0.0,,0,1
olhe pra mim de novo,OLHE PRA MIM DE NOVO,0.0,0.0,0.0,8.0,0.0,0.0,,0,1
os inimigos da dor,OS INIMIGOS DA DOR,0.0,0.0,0.0,4.0,1.0,1.0,,0,3
os ultimos cangaceiros,OS ULTIMOS CANGACEIROS,0.0,0.0,0.0,7.0,0.0,0.0,,0,1
para minha amada morta,PARA MINHA AMADA MORTA,0.0,0.0,0.0,12.0,0.0,0.0,,0,1
pele,PELE,0.0,0.0,0.0,7.0,0.0,0.0,B2200213000000,0,1
permanencia,PERMANÊNCIA,0.0,0.0,0.0,11.0,0.0,0.0,,0,1
perola,PÉROLA,0.0,0.0,0.0,5.0,0.0,0.0,B2300338800000,0,1
propriedade,PROPRIEDADE,0.0,0.0,0.0,10.0,0.0,0.0,B1900126500000,0,1
quando falta o ar,QUANDO FALTA O AR,0.0,0.0,0.0,4.0,0.0,0.0,B2200114000000,0,1
quase samba,QUASE SAMBA,0.0,0.0,0.0,2.0,0.0,0.0,,0,1
rale,RALÉ,0.0,0.0,0.0,7.0,0.0,0.0,,0,1
reza a lenda,REZA A LENDA,0.0,0.0,0.0,3.0,0.0,0.0,,0,1
rio negro,"RIO, NEGRO",0.0,0.0,0.0,3.0,0.0,0.0,B2300023700000,0,1
sao silvestre,SÃO SILVESTRE,0.0,0.0,0.0,3.0,0.0,0.0,,0,1
super nada,SUPER NADA,0.0,0.0,0.0,5.0,0.0,1.0,,0,2
tabu,TABU,0.0,0.0,0.0,6.0,1.0,0.0,,0,2
tatuagem,TATUAGEM,0.0,0.0,0.0,7.0,0.0,0.0,,0,1
teobaldo morto romeu exilado,"TEOBALDO MORTO, ROMEU EXILADO",0.0,0.0,0.0,2.0,0.0,0.0,,0,1
tia virginia,TIA VIRGÍNIA,0.0,0.0,0.0,4.0,0.0,1.0,B2300041800000,0,2
tres tigres tristes,TRÊS TIGRES TRISTES,0.0,0.0,0.0,15.0,0.0,0.0,B2200349500000,0,1
tudo que aprendemos juntos,TUDO QUE APRENDEMOS JUNTOS,0.0,0.0,0.0,11.0,0.0,0.0,,0,1
vai e vem,VAI E VEM,0.0,0.0,0.0,7.0,0.0,0.0,B2200272200000,0,1
vampiro 40,VAMPIRO 40º,0.0,0.0,0.0,2.0,0.0,0.0,,0,1
al oeste del fin del mundo,Al oeste del fin del mundo,0.0,0.0,0.0,0.0,1.0,0.0,,0,1
a sorte em suas maos,A Sorte em suas Mãos,0.0,0.0,0.0,0.0,1.0,0.0,,0,1
happy hour,Happy Hour,0.0,0.0,0.0,0.0,1.0,2.0,,0,2
pela janela,Pela Janela,0.0,0.0,0.0,0.0,1.0,1.0,,0,2
coracao de leao,Coração de Leão,0.0,0.0,0.0,0.0,1.0,0.0,,0,1
diva 2,Divã 2,0.0,0.0,0.0,0.0,1.0,0.0,,0,1
sueno florianopolis,Sueño Florianópolis,0.0,0.0,0.0,0.0,1.0,0.0,,0,1
vergel,Vergel,0.0,0.0,0.0,0.0,1.0,0.0,,0,1
doidas e santas,Doidas e Santas,0.0,0.0,0.0,0.0,1.0,0.0,,0,1
o ultimo jogo,O Último Jogo,0.0,0.0,0.0,0.0,1.0,1.0,,0,2
paulina,Paulina,0.0,0.0,0.0,0.0,1.0,0.0,,0,1
a voz do silencio,A Voz do Silêncio,0.0,0.0,0.0,0.0,1.0,0.0,,0,1
o livro dos prazeres,O Livro dos Prazeres,0.0,0.0,0.0,0.0,1.0,1.0,,0,2
uma especie de familia,Uma Espécie de Família,0.0,0.0,0.0,0.0,1.0,0.0,,0,1
beatriz,Beatriz,0.0,0.0,0.0,0.0,2.0,3.0,,0,2
o sexo dos anjos,O Sexo dos Anjos,0.0,0.0,0.0,0.0,1.0,1.0,,0,2
brasil somos nos,Brasil Somos Nós,0.0,0.0,0.0,0.0,1.0,0.0,,0,1
onde esta a felicidade,Onde Está a Felicidade?,0.0,0.0,0.0,0.0,1.0,0.0,,0,1
ladroes de ladri di biciclette,Ladrões de Ladri di Biciclette,0.0,0.0,0.0,0.0,1.0,0.0,,0,1
filhos da pista,Filhos da pista,0.0,0.0,0.0,0.0,1.0,0.0,,0,1
la mamma,La Mamma,0.0,0.0,0.0,0.0,2.0,0.0,,0,1
paisanos,Paisanos,0.0,0.0,0.0,0.0,1.0,0.0,,0,1
tres herois,Três heróis,0.0,0.0,0.0,0.0,1.0,0.0,,0,1
rosselini amou a pensao de dona bombom,Rosselini amou a pensão de Dona Bombom,0.0,0.0,0.0,0.0,1.0,0.0,,0,1
contato,Contato,0.0,0.0,0.0,0.0,1.0,0.0,,0,1
flores do cerrado,Flores do Cerrado,0.0,0.0,0.0,0.0,1.0,0.0,,0,1
imigrantes anonimos,Imigrantes Anônimos,0.0,0.0,0.0,0.0,1.0,0.0,,0,1
bravo,Bravo!,0.0,0.0,0.0,0.0,1.0,0.0,,0,1
praca vermelha,Praça Vermelha,0.0,0.0,0.0,0.0,1.0,0.0,,0,1
song to the siren filme da sereia,Song to the Siren / Filme da Sereia,0.0,0.0,0.0,0.0,1.0,0.0,,0,1
relato de um certo oriente,Relato de um Certo Oriente,0.0,0.0,0.0,0.0,1.0,0.0,,0,1
a mesma parte de um homem,A Mesma Parte de um Homem,0.0,0.0,0.0,0.0,1.0,0.0,,0,1
morcego negro as vidas e mortes de pc farias,Morcego Negro - As Vidas e Mortes de PC Farias,0.0,0.0,0.0,0.0,1.0,0.0,,0,1
dores amores,Dores & Amores,0.0,0.0,0.0,0.0,1.0,0.0,,0,1
a outra margem,A Outra Margem,0.0,0.0,0.0,0.0,1.0,0.0,,0,1
a primeira missa,A primeira missa,0.0,0.0,0.0,0.0,1.0,1.0,,0,2
arte de roubar,Arte de Roubar,0.0,0.0,0.0,0.0,1.0,0.0,,0,1
call girl,Call Girl,0.0,0.0,0.0,0.0,1.0,1.0,,0,2
budapeste,Budapeste,0.0,0.0,0.0,0.0,1.0,0.0,,0,1
entre os dedos,Entre os Dedos,0.0,0.0,0.0,0.0,1.0,1.0,,0,2
as doze estrelas,As Doze Estrelas,0.0,0.0,0.0,0.0,1.0,1.0,,0,2
capitaes de areia,Capitães de Areia,0.0,0.0,0.0,0.0,1.0,0.0,,0,1
duas mulheres,Duas Mulheres,0.0,0.0,0.0,0.0,1.0,0.0,,0,1
o samba que mora em mim,O Samba que Mora em Mim,0.0,0.0,0.0,0.0,1.0,0.0,,0,1
quase memoria,Quase Memória,0.0,0.0,0.0,0.0,1.0,0.0,,0,1
uniao iberica,União Ibérica,0.0,0.0,0.0,0.0,1.0,0.0,,0,1
a estrada 47 a montanha,A Estrada 47 (A Montanha),0.0,0.0,0.0,0.0,1.0,0.0,,0,1
o pais do desejo,O País Do Desejo,0.0,0.0,0.0,0.0,1.0,1.0,,0,2
operacao zebra,Operação Zebra,0.0,0.0,0.0,0.0,1.0,0.0,,0,1
jogo das decapitacoes,Jogo das Decapitações,0.0,0.0,0.0,0.0,1.0,0.0,,0,1
os maias alguns episodios romanticos,Os Maias - (Alguns) Episódios Românticos,0.0,0.0,0.0,0.0,1.0,0.0,,0,1
seara de vento,Seara de Vento,0.0,0.0,0.0,0.0,1.0,0.0,,0,1
isolar,Isolar,0.0,0.0,0.0,0.0,1.0,0.0,,0,1
praca paris,Praça Paris,0.0,0.0,0.0,0.0,1.0,1.0,,0,2
caminhos magneticos,Caminhos Magnéticos,0.0,0.0,0.0,0.0,1.0,0.0,,0,1
john africa na terra dos leoes,John África na Terra dos Leões,0.0,0.0,0.0,0.0,1.0,0.0,,0,1
valeu boi,Valeu Boi,0.0,0.0,0.0,0.0,1.0,0.0,,0,1
outra historia do mundo,Outra história do mundo,0.0,0.0,0.0,0.0,1.0,1.0,,0,2
a mulher do pai,A Mulher do Pai,0.0,0.0,0.0,0.0,1.0,0.0,,0,1
prova de coragem,Prova de Coragem,0.0,0.0,0.0,0.0,1.0,1.0,,0,2
porno para iniciantes,Porno para Iniciantes,0.0,0.0,0.0,0.0,1.0,0.0,,0,1
a floresta que se move,A Floresta que se move,0.0,0.0,0.0,0.0,1.0,0.0,,0,1
menino janela tambem queria ter um submarino,Menino Janela Também Queria Ter Um Submarino,0.0,0.0,0.0,0.0,1.0,0.0,,0,1
reus ii,Réus II,0.0,0.0,0.0,0.0,1.0,0.0,,0,1
animal print,Animal Print,0.0,0.0,0.0,0.0,0.0,1.0,,0,1
livramento,Livramento,0.0,0.0,0.0,0.0,0.0,2.0,,0,1
bestia,Bestia,0.0,0.0,0.0,0.0,0.0,1.0,,0,1
el baile de los 41,El Baile De Los 41,0.0,0.0,0.0,0.0,0.0,1.0,,0,1
los brujos,Los Brujos,0.0,0.0,0.0,0.0,0.0,1.0,,0,1
il barbiere della marina,Il Barbiere Della Marina,0.0,0.0,0.0,0.0,0.0,1.0,,0,1
ese fin de semana,Ese Fin De Semana,0.0,0.0,0.0,0.0,0.0,1.0,,0,1
sucedio en enero,Sucedió En Enero,0.0,0.0,0.0,0.0,0.0,1.0,,0,1
la inversion de la carga,La Inversión De La Carga,0.0,0.0,0.0,0.0,0.0,1.0,,0,1
variaciones de koch,Variaciones De Koch,0.0,0.0,0.0,0.0,0.0,1.0,,0,1
quando minha vida era minha vida,Quando Minha Vida Era Minha Vida,0.0,0.0,0.0,0.0,0.0,2.0,,0,1
casa no campo,Casa no Campo,0.0,0.0,0.0,0.0,0.0,1.0,,0,1
ladrilleros,Ladrilleros,0.0,0.0,0.0,0.0,0.0,1.0,,0,1
tempo de poder,Tempo de Poder,0.0,0.0,0.0,0.0,0.0,1.0,,0,1
tempestade,Tempestade,0.0,0.0,0.0,0.0,0.0,1.0,,0,1
naufragos,Náufragos,0.0,0.0,0.0,0.0,0.0,2.0,,0,1
br lab,BR Lab,0.0,0.0,0.0,0.0,0.0,2.0,,0,1
las vacaciones de hilda,Las Vacaciones De Hilda,0.0,0.0,0.0,0.0,0.0,1.0,,0,1
l educazione della nonna,L'Educazione Della Nonna,0.0,0.0,0.0,0.0,0.0,1.0,,0,1
la botera,La Botera,0.0,0.0,0.0,0.0,0.0,1.0,,0,1
pedro,Pedro,0.0,0.0,0.0,0.0,0.0,1.0,,0,1
centro da terra,Centro da Terra,0.0,0.0,0.0,0.0,0.0,1.0,,0,1
verdes campos,Verdes Campos,0.0,0.0,0.0,0.0,0.0,1.0,,0,1
el fantasma,El Fantasma,0.0,0.0,0.0,0.0,0.0,1.0,,0,1
la ereccion de toribio bardelli,La Erección De Toribio Bardelli,0.0,0.0,0.0,0.0,0.0,1.0,,0,1
un crimen en comun,Un Crimen En Común,0.0,0.0,0.0,0.0,0.0,1.0,,0,1
a teoria dos vidros quebrados la teoria de los vidrios rotos,A Teoria dos Vidros Quebrados (La Teoría De Los Vidrios Rotos),0.0,0.0,0.0,0.0,0.0,1.0,,0,1
a casa flutante,A Casa Flutante,0.0,0.0,0.0,0.0,0.0,1.0,,0,1
alfredo y catalina,Alfredo Y Catalina,0.0,0.0,0.0,0.0,0.0,1.0,,0,1
arvore perfumada,Árvore Perfumada,0.0,0.0,0.0,0.0,0.0,1.0,,0,1
indolor,Indolor,0.0,0.0,0.0,0.0,0.0,1.0,,0,1
brlab desenvolvimento de projetos audiovisuais,Brlab  Desenvolvimento De Projetos Audiovisuais,0.0,0.0,0.0,0.0,0.0,1.0,,0,1
arana,Araña,0.0,0.0,0.0,0.0,0.0,1.0,,0,1
zacarias,Zacarias,0.0,0.0,0.0,0.0,0.0,1.0,,0,1
divino amor ex obreiro,Divino Amor (ex Obreiro),0.0,0.0,0.0,0.0,0.0,1.0,,0,1
o sentido da vida,O Sentido da Vida,0.0,0.0,0.0,0.0,0.0,1.0,,0,1
desobsesion,Desobsesión,0.0,0.0,0.0,0.0,0.0,1.0,,0,1
el camino de allah,El Camino de Allah,0.0,0.0,0.0,0.0,0.0,1.0,,0,1
quanto basta ex palato assoluto,Quanto Basta (ex Palato Assoluto),0.0,0.0,0.0,0.0,0.0,1.0,,0,1
senhoritas,Senhoritas,0.0,0.0,0.0,0.0,0.0,2.0,,0,1
viuvos,Viúvos,0.0,0.0,0.0,0.0,0.0,1.0,,0,1
caminho aberto,Caminho Aberto,0.0,0.0,0.0,0.0,0.0,1.0,,0,1
doce inferno na galaxia,Doce Inferno na Galáxia,0.0,0.0,0.0,0.0,0.0,1.0,,0,1
casarao,Casarão,0.0,0.0,0.0,0.0,0.0,1.0,,0,1
amici cinema italiano e cinema brasileiro,"Amici, Cinema Italiano e Cinema Brasileiro",0.0,0.0,0.0,0.0,0.0,1.0,,0,1
fim da primeira parte,Fim da Primeira Parte,0.0,0.0,0.0,0.0,0.0,1.0,,0,1
verlust,Verlust,0.0,0.0,0.0,0.0,0.0,1.0,,0,1
perro negro,Perro Negro,0.0,0.0,0.0,0.0,0.0,1.0,,0,1
pessoas humanas,Pessoas Humanas,0.0,0.0,0.0,0.0,0.0,1.0,,0,1
poetas do ceu,Poetas do Céu,0.0,0.0,0.0,0.0,0.0,1.0,,0,1
tiete,Tiete,0.0,0.0,0.0,0.0,0.0,1.0,,0,1
o barqueiro,O Barqueiro,0.0,0.0,0.0,0.0,0.0,1.0,,0,1
as prenhas las prenadas,As Prenhas (Las Preñadas),0.0,0.0,0.0,0.0,0.0,1.0,,0,1
amanha eu conto,Amanha Eu Conto,0.0,0.0,0.0,0.0,0.0,1.0,,0,1
cyclone,Cyclone,0.0,0.0,0.0,0.0,0.0,1.0,,0,1
o testamento,O Testamento,0.0,0.0,0.0,0.0,0.0,1.0,,0,1
el ultimo ano del congo mirador,El Último Año Del Congo Mirador,0.0,0.0,0.0,0.0,0.0,1.0,,0,1
che memorias de um ano secreto ex fisim,"Che, Memórias de um Ano Secreto (ex Fisím)",0.0,0.0,0.0,0.0,0.0,1.0,,0,1
chico ventana tambien quisiera tener un submarino,Chico Ventana También Quisiera Tener Un Submarino,0.0,0.0,0.0,0.0,0.0,1.0,,0,1
as herdeiras,As Herdeiras,0.0,0.0,0.0,0.0,0.0,1.0,,0,1
refrigerantes e cancoes de amor ex refrigerantes,Refrigerantes e Canções de Amor (ex Refrigerantes),0.0,0.0,0.0,0.0,0.0,1.0,,0,1
rosas de ermera,Rosas de Ermera,0.0,0.0,0.0,0.0,0.0,1.0,,0,1
joaquim ex um certo joaquim,Joaquim (ex Um Certo Joaquim),0.0,0.0,0.0,0.0,0.0,1.0,,0,1
raiva ex seara de vento,(Raiva (ex Seara de Vento),0.0,0.0,0.0,0.0,0.0,1.0,,0,1
dolores,Dolores,0.0,0.0,0.0,0.0,0.0,1.0,,0,1
petalas negras,Pétalas Negras,0.0,0.0,0.0,0.0,0.0,1.0,,0,1
meu nome e bagda ex bagda,Meu Nome é Bagdá (ex Bagdá),0.0,0.0,0.0,0.0,0.0,1.0,,0,1
fe cega faca amolada,"Fé Cega, Faca Amolada",0.0,0.0,0.0,0.0,0.0,1.0,,0,1
vozes no silencio,Vozes no Silêncio,0.0,0.0,0.0,0.0,0.0,1.0,,0,1
porno para iniciantes ex pornostein,Porno para Iniciantes (ex Pornostein),0.0,0.0,0.0,0.0,0.0,1.0,,0,1
vazante ex mercedes,Vazante (ex Mercedes),0.0,0.0,0.0,0.0,0.0,1.0,,0,1
pendular ex os caminhos de batista,Pendular (ex Os Caminhos de Batista),0.0,0.0,0.0,0.0,0.0,1.0,,0,1
mulher do pai ex na sala de jantar,Mulher do Pai (ex Na Sala de Jantar),0.0,0.0,0.0,0.0,0.0,1.0,,0,1
diamantino ex tristes monroes,Diamantino (ex Tristes Monroes),0.0,0.0,0.0,0.0,0.0,1.0,,0,1
el hombre que cuida,El Hombre que Cuida,0.0,0.0,0.0,0.0,0.0,1.0,,0,1
estrella distante,Estrella Distante,0.0,0.0,0.0,0.0,0.0,1.0,,0,1
segundo tempo,Segundo Tempo,0.0,0.0,0.0,0.0,0.0,1.0,,0,1
esmeralda,Esmeralda,0.0,0.0,0.0,0.0,0.0,1.0,,0,1
meninas do crime,Meninas do Crime,0.0,0.0,0.0,0.0,0.0,1.0,,0,1
lilith,Lilith,0.0,0.0,0.0,0.0,0.0,1.0,,0,1
vinte anos ex pao sem cebola,Vinte Anos (ex Pão Sem Cebola),0.0,0.0,0.0,0.0,0.0,1.0,,0,1
filhos da pista los hijos de la ruta,Filhos da Pista/Los Hijos de La Ruta,0.0,0.0,0.0,0.0,0.0,1.0,,0,1
meu mundial,Meu Mundial,0.0,0.0,0.0,0.0,0.0,1.0,,0,1
carmen,Carmen,0.0,0.0,0.0,0.0,0.0,1.0,,0,1
desterro,Desterro,0.0,0.0,0.0,0.0,0.0,1.0,,0,1
brlab laboratorio desenvolvimento de projetos,Brlab Laboratorio Desenvolvimento de Projetos,0.0,0.0,0.0,0.0,0.0,1.0,,0,1
workshop e tal,Workshop e Tal,0.0,0.0,0.0,0.0,0.0,2.0,,0,1
refugiado,Refugiado,0.0,0.0,0.0,0.0,0.0,1.0,,0,1
alguem como eu ex mulheres,Alguém Como Eu (ex Mulheres),0.0,0.0,0.0,0.0,0.0,1.0,,0,1
lua em sagitario,Lua em Sagitário,0.0,0.0,0.0,0.0,0.0,1.0,,0,1
rompiendo la ola,Rompiendo La Ola,0.0,0.0,0.0,0.0,0.0,1.0,,0,1
do outro lado da lua,Do Outro Lado da Lua,0.0,0.0,0.0,0.0,0.0,1.0,,0,1
los silencios ex cinco vidas e um segredo,Los Silencios (ex Cinco Vidas e um Segredo),0.0,0.0,0.0,0.0,0.0,1.0,,0,1
turma da bossa,Turma da Bossa,0.0,0.0,0.0,0.0,0.0,1.0,,0,1
dias nublados,Dias Nublados,0.0,0.0,0.0,0.0,0.0,1.0,,0,1
antes o tempo nao acabava,Antes o Tempo Não Acabava,0.0,0.0,0.0,0.0,0.0,1.0,,0,1
romance policial,Romance Policial,0.0,0.0,0.0,0.0,0.0,1.0,,0,1
perto do ceu,Perto do Céu,0.0,0.0,0.0,0.0,0.0,1.0,,0,1
o segredo da serpente,O Segredo da Serpente,0.0,0.0,0.0,0.0,0.0,1.0,,0,1
deslembro ex a memoria e um musculo da imaginacao,Deslembro (ex A Memória É um Músculo da Imaginaçao),0.0,0.0,0.0,0.0,0.0,1.0,,0,1
tropykaos,Tropykaos,0.0,0.0,0.0,0.0,0.0,1.0,,0,1
elefantes secos,Elefantes Secos,0.0,0.0,0.0,0.0,0.0,1.0,,0,1
mercados de america latina,Mercados de América Latina,0.0,0.0,0.0,0.0,0.0,1.0,,0,1
pode copiar,Pode Copiar,0.0,0.0,0.0,0.0,0.0,1.0,,0,1
comigo,Comigo,0.0,0.0,0.0,0.0,0.0,1.0,,0,1
lab sp,Lab Sp,0.0,0.0,0.0,0.0,0.0,1.0,,0,1
ponto de encontro,Ponto de Encontro,0.0,0.0,0.0,0.0,0.0,1.0,,0,1
girimunho,Girimunho,0.0,0.0,0.0,0.0,0.0,1.0,,0,1
el padre de gardel ex el silencio de tacuarembo,El padre de Gardel (ex El Silencio de Tacuarembó),0.0,0.0,0.0,0.0,0.0,1.0,,0,1
amor sem fronteiras,Amor Sem Fronteiras,0.0,0.0,0.0,0.0,0.0,2.0,,0,1
super nada ex teste,Super Nada (Ex Teste),0.0,0.0,0.0,0.0,0.0,1.0,,0,1
o vizinho,O Vizinho,0.0,0.0,0.0,0.0,0.0,1.0,,0,1
para francisco,Para Francisco,0.0,0.0,0.0,0.0,0.0,1.0,,0,1
grand tour,Grand Tour,0.0,0.0,0.0,0.0,0.0,1.0,,0,1
a vontade dos homens,A Vontade dos Homens,0.0,0.0,0.0,0.0,0.0,1.0,,0,1
boi neon ex valeu boi,Boi Neon (ex Valeu Boi!),0.0,0.0,0.0,0.0,0.0,1.0,,0,1
diplomado preservacao filmica,Diplomado Preservação Fílmica,0.0,0.0,0.0,0.0,0.0,1.0,,0,1
ii seminario de biclioci,Ii Seminario de Biclioci,0.0,0.0,0.0,0.0,0.0,1.0,,0,1
mundialito,Mundialito,0.0,0.0,0.0,0.0,0.0,1.0,,0,1
el facilitador,El Facilitador,0.0,0.0,0.0,0.0,0.0,1.0,,0,1
entre vales,Entre Vales,0.0,0.0,0.0,0.0,0.0,1.0,,0,1
exilados,Exilados,0.0,0.0,0.0,0.0,0.0,1.0,,0,1
o manuscrito perdido ex o manuscrito perdido de fradique mendes,O Manuscrito Perdido (ex O Manuscrito Perdido de Fradique Mendes),0.0,0.0,0.0,0.0,0.0,1.0,,0,1
carta para o futuro,Carta Para o Futuro,0.0,0.0,0.0,0.0,0.0,1.0,,0,1
sobre rodas latinoamerica,Sobre Rodas Latinoamerica,0.0,0.0,0.0,0.0,0.0,1.0,,0,1
sempre em outro lugar,Sempre Em Outro Lugar,0.0,0.0,0.0,0.0,0.0,1.0,,0,1
a marcha,A Marcha,0.0,0.0,0.0,0.0,0.0,1.0,,0,1
clandestinos,Clandestinos,0.0,0.0,0.0,0.0,0.0,1.0,,0,1
tudo isto me parece um sonho,Tudo Isto Me Parece Um Sonho,0.0,0.0,0.0,0.0,0.0,1.0,,0,1
d felix e o tempo redondo,D. Felix e o Tempo Redondo,0.0,0.0,0.0,0.0,0.0,1.0,,0,1
c u b a,C.U.B.A.,0.0,0.0,0.0,0.0,0.0,1.0,,0,1
garcia,Garcia,0.0,0.0,0.0,0.0,0.0,1.0,,0,1
muita calma nessa hora,Muita Calma Nessa Hora,0.0,0.0,0.0,0.0,0.0,1.0,,0,1
reus,Reus,0.0,0.0,0.0,0.0,0.0,1.0,,0,1
do comeco ao fim,Do Começo Ao Fim,0.0,0.0,0.0,0.0,0.0,1.0,,0,1
dawson isla 10,Dawson Isla 10,0.0,0.0,0.0,0.0,0.0,1.0,,0,1
hotel atlantico,Hotel Atlântico,0.0,0.0,0.0,0.0,0.0,1.0,,0,1
31 minutos,31 Minutos,0.0,0.0,0.0,0.0,0.0,2.0,,0,1
que culpa tiene el tomate,Que Culpa Tiene El Tomate,0.0,0.0,0.0,0.0,0.0,2.0,,0,1
nao linear,Não Linear,0.0,0.0,0.0,0.0,0.0,1.0,,0,1
o mulato,O Mulato,0.0,0.0,0.0,0.0,0.0,1.0,,0,1
solimoes,Solimões,0.0,0.0,0.0,0.0,0.0,1.0,,0,1
cicatrices del mundo,Cicatrices del Mundo,0.0,0.0,0.0,0.0,0.0,1.0,,0,1
ao relento,Ao Relento,0.0,0.0,0.0,0.0,0.0,1.0,,0,1
caldo de cana,Caldo de Cana,0.0,0.0,0.0,0.0,0.0,1.0,,0,1
a margem do lixo,À Margem do Lixo,0.0,0.0,0.0,0.0,0.0,1.0,,0,1
milho,Milho,0.0,0.0,0.0,0.0,0.0,1.0,,0,1
estamos juntos ex antes da noite,Estamos Juntos (ex Antes da Noite),0.0,0.0,0.0,0.0,0.0,1.0,,0,1
la vieja de atras a velha dos fundos,La Vieja de Atrás (A Velha dos Fundos),0.0,0.0,0.0,0.0,0.0,1.0,,0,1
simao botelho,Simão Botelho,0.0,0.0,0.0,0.0,0.0,1.0,,0,1
leonera ex desencuentro,Leonera (ex Desencuentro),0.0,0.0,0.0,0.0,0.0,1.0,,0,1
a guerra dos vizinhos,A Guerra dos Vizinhos,0.0,0.0,0.0,0.0,0.0,1.0,,0,1
o menino no espelho,O Menino no Espelho,0.0,0.0,0.0,0.0,0.0,1.0,,0,1
o vendedor de passados,O Vendedor de Passados,0.0,0.0,0.0,0.0,0.0,1.0,,0,1
o drible,O Drible,0.0,0.0,0.0,0.0,0.0,1.0,,0,1
doce brasil holandes,Doce Brasil Holandês,0.0,0.0,0.0,0.0,0.0,1.0,,0,1
moreno alto,Moreno Alto,0.0,0.0,0.0,0.0,0.0,1.0,,0,1
demoro,Demorô,0.0,0.0,0.0,0.0,0.0,1.0,,0,1
juan e janaina,Juan e Janaína,0.0,0.0,0.0,0.0,0.0,1.0,,0,1
descobrindo o brasil,Descobrindo o Brasil,0.0,0.0,0.0,0.0,0.0,1.0,,0,1
roubo na chacara do ceu,Roubo na Chácara do Céu,0.0,0.0,0.0,0.0,0.0,1.0,,0,1
a festa da menina morta,A Festa da Menina Morta,0.0,0.0,0.0,0.0,0.0,1.0,,0,1
olhos azuis,Olhos Azuis,0.0,0.0,0.0,0.0,0.0,1.0,,0,1
mare nossa historia de amor,"Maré, Nossa História de Amor",0.0,0.0,0.0,0.0,0.0,2.0,,0,1
corrida dos bichos,Corrida dos Bichos,0.0,0.0,0.0,0.0,0.0,1.0,,0,1
amor a venda,Amor à Venda,0.0,0.0,0.0,0.0,0.0,1.0,,0,1
corpo presente,Corpo Presente,0.0,0.0,0.0,0.0,0.0,1.0,,0,1
a virgem do futebol,A Virgem do Futebol,0.0,0.0,0.0,0.0,0.0,1.0,,0,1
sepe tiaraju,Sepé Tiaraju,0.0,0.0,0.0,0.0,0.0,1.0,,0,1
valsa negra,Valsa Negra,0.0,0.0,0.0,0.0,0.0,1.0,,0,1
fronteiras do paraiso,Fronteiras do Paraíso,0.0,0.0,0.0,0.0,0.0,1.0,,0,1
cabeza de vaca en sudamerica,Cabeza de Vaca En Sudamérica,0.0,0.0,0.0,0.0,0.0,1.0,,0,1
federal,Federal,0.0,0.0,0.0,0.0,0.0,1.0,,0,1
falsa loura,Falsa Loura,0.0,0.0,0.0,0.0,0.0,1.0,,0,1
historias de alice,Histórias de Alice,0.0,0.0,0.0,0.0,0.0,1.0,,0,1
insonia,Insônia,0.0,0.0,0.0,0.0,0.0,1.0,,0,1
os 12 trabalhos,Os 12 Trabalhos,0.0,0.0,0.0,0.0,0.0,1.0,,0,1
voce e eu,Você e Eu,0.0,0.0,0.0,0.0,0.0,1.0,,0,1
o homem de dentro,O Homem de Dentro,0.0,0.0,0.0,0.0,0.0,1.0,,0,1
o voo do pequeno principe,O Voo do Pequeno Principe,0.0,0.0,0.0,0.0,0.0,1.0,,0,1
e proibido proibir,É Proibido Proibir,0.0,0.0,0.0,0.0,0.0,1.0,,0,1
mulheres do brasil,Mulheres do Brasil,0.0,0.0,0.0,0.0,0.0,1.0,,0,1
sonhos e desejos,Sonhos e Desejos,0.0,0.0,0.0,0.0,0.0,1.0,,0,1
tapete vermelho,Tapete Vermelho,0.0,0.0,0.0,0.0,0.0,1.0,,0,1
onde andara dulce veiga,Onde Andará Dulce Veiga?,0.0,0.0,0.0,0.0,0.0,1.0,,0,1
a ultima operacao ex utopia sequestrada,A Última Operação (ex Utopia Sequestrada),0.0,0.0,0.0,0.0,0.0,1.0,,0,1
compassos,Compassos,0.0,0.0,0.0,0.0,0.0,1.0,,0,1
praia brava ex sim o filme,"Praia Brava (Ex Sim, o Filme)",0.0,0.0,0.0,0.0,0.0,1.0,,0,1
