coletado_em,janela_dias,produto,tipo,id,nome,views
2026-08-21,90,fsa,pagina,/fomento-fsa/ensaio.html,Análise (o texto),1
2026-08-21,90,ridab,pagina,/riab,Início do portal,1
2026-08-22,90,ridab,pagina,/riab,Início do portal,3
2026-08-22,90,fsa,pagina,/fomento-fsa/ensaio.html,Análise (o texto),2
2026-08-23,90,ridab,pagina,/riab,Início do portal,3
2026-08-23,90,fsa,pagina,/fomento-fsa/ensaio.html,Análise (o texto),2
2026-08-24,90,fsa,pagina,/fomento-fsa/ensaio.html,Análise (o texto),4
2026-08-24,90,ridab,pagina,/riab,Início do portal,4
2026-08-24,90,fsa,pagina,/fomento-fsa/evidencias.html,Painel de dados,2
2026-08-24,90,fsa,pagina,/fomento-fsa/index.html,Início,1
2026-08-24,90,fsa,aba,c5,Pergunta 5 · Concentração e dispersão do fomento,1
2026-08-24,90,fsa,trecho,h_duplo_casos,P4 · O duplo retorno — 30 grupos no único quadrante que combina as duas coisas,1
2026-08-24,90,fsa,aba,g_rankings,Rankings,1
2026-08-25,90,fsa,pagina,/fomento-fsa/ensaio.html,Análise (o texto),4
2026-08-25,90,ridab,pagina,/riab,Início do portal,4
2026-08-25,90,mostra,pagina,/planejador-mostrasp,Planejador,3
2026-08-25,90,fsa,pagina,/fomento-fsa/evidencias.html,Painel de dados,2
2026-08-25,90,ridab,pagina,/riab/datasets/ancine-preco-medio-ingresso,/datasets/ancine-preco-medio-ingresso,1
2026-08-25,90,fsa,pagina,/fomento-fsa/index.html,Início,1
2026-08-25,90,fsa,aba,c5,Pergunta 5 · Concentração e dispersão do fomento,1
2026-08-25,90,fsa,trecho,h_duplo_casos,P4 · O duplo retorno — 30 grupos no único quadrante que combina as duas coisas,1
2026-08-25,90,fsa,aba,g_rankings,Rankings,1
2026-08-26,90,mostra,pagina,/planejador-mostrasp,Planejador,5
2026-08-26,90,fsa,pagina,/fomento-fsa/ensaio.html,Análise (o texto),5
2026-08-26,90,ridab,pagina,/riab,Início do portal,5
2026-08-26,90,fsa,pagina,/fomento-fsa/index.html,Início,2
2026-08-26,90,fsa,pagina,/fomento-fsa/evidencias.html,Painel de dados,2
2026-08-26,90,fsa,trecho,g3,P1 · Onde as obras do FSA foram selecionadas — países dos festivais nas atas,1
2026-08-26,90,fsa,trecho,h_criterio,P2 · O que cada critério de seleção devolveu — as oito categorias do FSA,1
2026-08-26,90,ridab,pagina,/riab/datasets/ancine-preco-medio-ingresso,/datasets/ancine-preco-medio-ingresso,1
2026-08-26,90,fsa,aba,c5,Pergunta 5 · Concentração e dispersão do fomento,1
2026-08-26,90,fsa,trecho,h_duplo_casos,P4 · O duplo retorno — 30 grupos no único quadrante que combina as duas coisas,1
2026-08-26,90,fsa,aba,g_rankings,Rankings,1
2026-08-27,90,mostra,pagina,/planejador-mostrasp,Planejador,5
2026-08-27,90,fsa,pagina,/fomento-fsa/ensaio.html,Análise (o texto),5
2026-08-27,90,ridab,pagina,/riab,Início do portal,5
2026-08-27,90,ridab,pagina,/riab/datasets/ancine-preco-medio-ingresso,/datasets/ancine-preco-medio-ingresso,3
2026-08-27,90,fsa,pagina,/fomento-fsa/index.html,Início,2
2026-08-27,90,fsa,pagina,/fomento-fsa/evidencias.html,Painel de dados,2
2026-08-27,90,ridab,pagina,/riab/datasets/ancine-crt-obras-publicitarias,/datasets/ancine-crt-obras-publicitarias,1
2026-08-27,90,fsa,trecho,g3,P1 · Onde as obras do FSA foram selecionadas — países dos festivais nas atas,1
2026-08-27,90,fsa,trecho,h_criterio,P2 · O que cada critério de seleção devolveu — as oito categorias do FSA,1
2026-08-27,90,fsa,aba,c5,Pergunta 5 · Concentração e dispersão do fomento,1
2026-08-27,90,fsa,trecho,h_duplo_casos,P4 · O duplo retorno — 30 grupos no único quadrante que combina as duas coisas,1
2026-08-27,90,fsa,aba,g_rankings,Rankings,1
2026-08-28,90,ridab,pagina,/riab,Início do portal,8
2026-08-28,90,fsa,pagina,/fomento-fsa/ensaio.html,Análise (o texto),7
2026-08-28,90,mostra,pagina,/planejador-mostrasp,Planejador,5
2026-08-28,90,ridab,pagina,/riab/datasets/ancine-preco-medio-ingresso,/datasets/ancine-preco-medio-ingresso,4
2026-08-28,90,fsa,pagina,/fomento-fsa/index.html,Início,4
2026-08-28,90,fsa,pagina,/fomento-fsa/evidencias.html,Painel de dados,3
2026-08-28,90,fsa,aba,g_rankings,Rankings,2
2026-08-28,90,ridab,pagina,/riab/datasets/ancine-bilheteria-diaria-exibidoras,/datasets/ancine-bilheteria-diaria-exibidoras,1
2026-08-28,90,fsa,trecho,h_perfis,"P4 · Os 697 grupos econômicos da carteira, nas duas réguas",1
2026-08-28,90,fsa,trecho,h_intl_instrumento,P3 · O grupo que devolve mais em sala é o que menos circula fora,1
2026-08-28,90,fsa,trecho,h_sequencias,P3 · As franquias do período — o filme que o fundo bancou e os que vieram depois sem ele,1
2026-08-28,90,fsa,trecho,h_instrumento,P3 · O que cada instrumento de financiamento pôs e o que voltou em renda,1
2026-08-28,90,fsa,trecho,g0,P1 · Retorno doméstico ano a ano — o que entrou de dinheiro público e o que voltou de renda,1
2026-08-28,90,ridab,pagina,/riab/explorar,/explorar,1
2026-08-28,90,ridab,pagina,/riab/datasets/ancine-crt-obras-publicitarias,/datasets/ancine-crt-obras-publicitarias,1
2026-08-28,90,fsa,trecho,g3,P1 · Onde as obras do FSA foram selecionadas — países dos festivais nas atas,1
2026-08-28,90,fsa,trecho,h_criterio,P2 · O que cada critério de seleção devolveu — as oito categorias do FSA,1
2026-08-28,90,fsa,aba,c5,Pergunta 5 · Concentração e dispersão do fomento,1
2026-08-28,90,fsa,trecho,h_duplo_casos,P4 · O duplo retorno — 30 grupos no único quadrante que combina as duas coisas,1
